player_name,player_slug,team_name,player_fbref_id
Gabriel Dos Santos,/en/players/67ac5bb8/Gabriel-Dos-Santos,Arsenal,67ac5bb8
Aaron Ramsdale,/en/players/466fb2c5/Aaron-Ramsdale,Arsenal,466fb2c5
William Saliba,/en/players/972aeb2a/William-Saliba,Arsenal,972aeb2a
Martinelli,/en/players/48a5a5d6/Martinelli,Arsenal,48a5a5d6
Bukayo Saka,/en/players/bc7dc64d/Bukayo-Saka,Arsenal,bc7dc64d
Granit Xhaka,/en/players/e61b8aee/Granit-Xhaka,Arsenal,e61b8aee
Ben White,/en/players/35e413f1/Ben-White,Arsenal,35e413f1
Martin Ødegaard,/en/players/79300479/Martin-Odegaard,Arsenal,79300479
Gabriel Jesus,/en/players/b66315ae/Gabriel-Jesus,Arsenal,b66315ae
Thomas Partey,/en/players/529f49ab/Thomas-Partey,Arsenal,529f49ab
Oleksandr Zinchenko,/en/players/51cf8561/Oleksandr-Zinchenko,Arsenal,51cf8561
Kieran Tierney,/en/players/fce2302c/Kieran-Tierney,Arsenal,fce2302c
Takehiro Tomiyasu,/en/players/b3af9be1/Takehiro-Tomiyasu,Arsenal,b3af9be1
Eddie Nketiah,/en/players/a53649b7/Eddie-Nketiah,Arsenal,a53649b7
Albert Sambi Lokonga,/en/players/1b4f1169/Albert-Sambi-Lokonga,Arsenal,1b4f1169
Fabio Vieira,/en/players/6412cc03/Fabio-Vieira,Arsenal,6412cc03
Mohamed Elneny,/en/players/47a34c4f/Mohamed-Elneny,Arsenal,47a34c4f
Reiss Nelson,/en/players/c5bdb6e3/Reiss-Nelson,Arsenal,c5bdb6e3
Emile Smith Rowe,/en/players/17695062/Emile-Smith-Rowe,Arsenal,17695062
Cédric Soares,/en/players/839c14e1/Cedric-Soares,Arsenal,839c14e1
Rob Holding,/en/players/d79a8c87/Rob-Holding,Arsenal,d79a8c87
Marquinhos,/en/players/59878425/Marquinhos,Arsenal,59878425
Ethan Nwaneri,/en/players/7f94982c/Ethan-Nwaneri,Arsenal,7f94982c
Amario Duberry,/en/players/04eb7d82/Amario-Duberry,Arsenal,04eb7d82
Karl Jakob Hein,/en/players/aa81d8f8/Karl-Jakob-Hein,Arsenal,aa81d8f8
Nathan Oyedeji,/en/players/3a686640/Nathan-Oyedeji,Arsenal,3a686640
Nicolas Pépé,/en/players/57e3f0c7/Nicolas-Pepe,Arsenal,57e3f0c7
Matthew Smith,/en/players/54b6eed9/Matthew-Smith,Arsenal,54b6eed9
Lino Sousa,/en/players/e09d77a2/Lino-Sousa,Arsenal,e09d77a2
Matt Turner,/en/players/4a51ba65/Matt-Turner,Arsenal,4a51ba65
Ezri Konsa,/en/players/0313a347/Ezri-Konsa,Aston Villa,0313a347
Tyrone Mings,/en/players/8397a50c/Tyrone-Mings,Aston Villa,8397a50c
Ollie Watkins,/en/players/aed3a70f/Ollie-Watkins,Aston Villa,aed3a70f
Emiliano Martínez,/en/players/7956236f/Emiliano-Martinez,Aston Villa,7956236f
John McGinn,/en/players/90f91999/John-McGinn,Aston Villa,90f91999
Leon Bailey,/en/players/3a233281/Leon-Bailey,Aston Villa,3a233281
Douglas Luiz,/en/players/6f7d826d/Douglas-Luiz,Aston Villa,6f7d826d
Matty Cash,/en/players/2389cdc2/Matty-Cash,Aston Villa,2389cdc2
Lucas Digne,/en/players/1b84dbe1/Lucas-Digne,Aston Villa,1b84dbe1
Jacob Ramsey,/en/players/1544f145/Jacob-Ramsey,Aston Villa,1544f145
Boubacar Kamara,/en/players/cc77354e/Boubacar-Kamara,Aston Villa,cc77354e
Emi Buendía,/en/players/66b76d44/Emi-Buendia,Aston Villa,66b76d44
Ashley Young,/en/players/be927d03/Ashley-Young,Aston Villa,be927d03
Danny Ings,/en/players/07802f7f/Danny-Ings,Aston Villa,07802f7f
Philippe Coutinho,/en/players/0ef89a37/Philippe-Coutinho,Aston Villa,0ef89a37
Leander Dendoncker,/en/players/5a7301ae/Leander-Dendoncker,Aston Villa,5a7301ae
Robin Olsen,/en/players/e7ee38c3/Robin-Olsen,Aston Villa,e7ee38c3
Diego Carlos,/en/players/b4a014b1/Diego-Carlos,Aston Villa,b4a014b1
Calum Chambers,/en/players/dc6f5bdd/Calum-Chambers,Aston Villa,dc6f5bdd
Jan Bednarek,/en/players/4115ce4e/Jan-Bednarek,Aston Villa,4115ce4e
Ludwig Augustinsson,/en/players/9fec8860/Ludwig-Augustinsson,Aston Villa,9fec8860
Cameron Archer,/en/players/05e8ca6d/Cameron-Archer,Aston Villa,05e8ca6d
Morgan Sanson,/en/players/6e7f1353/Morgan-Sanson,Aston Villa,6e7f1353
Lamare Bogarde,/en/players/bca5c4a7/Lamare-Bogarde,Aston Villa,bca5c4a7
Tim Iroegbunam,/en/players/84c5ceea/Tim-Iroegbunam,Aston Villa,84c5ceea
Filip Marshall,/en/players/a79abd8b/Filip-Marshall,Aston Villa,a79abd8b
Marvelous Nakamba,/en/players/de5b5570/Marvelous-Nakamba,Aston Villa,de5b5570
Kadan Young,/en/players/91c75917/Kadan-Young,Aston Villa,91c75917
Jefferson Lerma,/en/players/9b5ce51a/Jefferson-Lerma,Bournemouth,9b5ce51a
Adam Smith,/en/players/20b104bc/Adam-Smith,Bournemouth,20b104bc
Lewis Cook,/en/players/2afc7272/Lewis-Cook,Bournemouth,2afc7272
Philip Billing,/en/players/d328a254/Philip-Billing,Bournemouth,d328a254
Chris Mepham,/en/players/fed96827/Chris-Mepham,Bournemouth,fed96827
Dominic Solanke,/en/players/e77dc3b2/Dominic-Solanke,Bournemouth,e77dc3b2
Marcus Tavernier,/en/players/5c0da4a4/Marcus-Tavernier,Bournemouth,5c0da4a4
Marcos Senesi,/en/players/35141f4c/Marcos-Senesi,Bournemouth,35141f4c
Jordan Zemura,/en/players/e8271ad9/Jordan-Zemura,Bournemouth,e8271ad9
Mark Travers,/en/players/fe558029/Mark-Travers,Bournemouth,fe558029
Kieffer Moore,/en/players/01ce9e70/Kieffer-Moore,Bournemouth,01ce9e70
Ryan Christie,/en/players/26ce2263/Ryan-Christie,Bournemouth,26ce2263
Lloyd Kelly,/en/players/f31def1e/Lloyd-Kelly,Bournemouth,f31def1e
Neto,/en/players/a9dc785c/Neto,Bournemouth,a9dc785c
Ryan Fredericks,/en/players/c067631c/Ryan-Fredericks,Bournemouth,c067631c
Jaidon Anthony,/en/players/e4238fb1/Jaidon-Anthony,Bournemouth,e4238fb1
Ben Pearson,/en/players/a6b461e7/Ben-Pearson,Bournemouth,a6b461e7
Jack Stacey,/en/players/558807c0/Jack-Stacey,Bournemouth,558807c0
Jack Stephens,/en/players/6adbc307/Jack-Stephens,Bournemouth,6adbc307
Siriki Dembélé,/en/players/11f54bd5/Siriki-Dembele,Bournemouth,11f54bd5
Junior Stanislas,/en/players/6992791d/Junior-Stanislas,Bournemouth,6992791d
Joe Rothwell,/en/players/10a10454/Joe-Rothwell,Bournemouth,10a10454
Jamal Lowe,/en/players/b2856bc0/Jamal-Lowe,Bournemouth,b2856bc0
Owen Bevan,/en/players/87966294/Owen-Bevan,Bournemouth,87966294
Emiliano Marcondes,/en/players/4d960fc3/Emiliano-Marcondes,Bournemouth,4d960fc3
Will Dennis,/en/players/d8edc4be/Will-Dennis,Bournemouth,d8edc4be
James Hill,/en/players/69942fb3/James-Hill,Bournemouth,69942fb3
Cameron Plain,/en/players/8c45f10e/Cameron-Plain,Bournemouth,8c45f10e
Christian Saydee,/en/players/af102dc3/Christian-Saydee,Bournemouth,af102dc3
David Raya,/en/players/98ea5115/David-Raya,Brentford,98ea5115
Rico Henry,/en/players/8a3c1dc7/Rico-Henry,Brentford,8a3c1dc7
Bryan Mbeumo,/en/players/6afaebf2/Bryan-Mbeumo,Brentford,6afaebf2
Mathias Jensen,/en/players/0f134faf/Mathias-Jensen,Brentford,0f134faf
Ben Mee,/en/players/8df7a2fb/Ben-Mee,Brentford,8df7a2fb
Ivan Toney,/en/players/e09f279b/Ivan-Toney,Brentford,e09f279b
Vitaly Janelt,/en/players/8449d35e/Vitaly-Janelt,Brentford,8449d35e
Ethan Pinnock,/en/players/e541326e/Ethan-Pinnock,Brentford,e541326e
Josh Dasilva,/en/players/60344e4f/Josh-Dasilva,Brentford,60344e4f
Mathias Jørgensen,/en/players/0db5d2c8/Mathias-Jorgensen,Brentford,0db5d2c8
Mads Roerslev,/en/players/57c94db2/Mads-Roerslev,Brentford,57c94db2
Aaron Hickey,/en/players/1780bb4a/Aaron-Hickey,Brentford,1780bb4a
Yoane Wissa,/en/players/2500cef9/Yoane-Wissa,Brentford,2500cef9
Christian Nørgaard,/en/players/df0a4c90/Christian-Norgaard,Brentford,df0a4c90
Pontus Jansson,/en/players/172e52d8/Pontus-Jansson,Brentford,172e52d8
Kristoffer Ajer,/en/players/a8c0acb7/Kristoffer-Ajer,Brentford,a8c0acb7
Frank Onyeka,/en/players/2944f86f/Frank-Onyeka,Brentford,2944f86f
Shandon Baptiste,/en/players/2886c9b5/Shandon-Baptiste,Brentford,2886c9b5
Keane Lewis-Potter,/en/players/41f08ac8/Keane-Lewis-Potter,Brentford,41f08ac8
Mikkel Damsgaard,/en/players/215f3907/Mikkel-Damsgaard,Brentford,215f3907
Saman Ghoddos,/en/players/f7b1d4e0/Saman-Ghoddos,Brentford,f7b1d4e0
Sergi Canós,/en/players/1137759d/Sergi-Canos,Brentford,1137759d
Mads Bech Sørensen,/en/players/30db8574/Mads-Bech-Sorensen,Brentford,30db8574
Halil Dervişoğlu,/en/players/9d8cf204/Halil-Dervisoglu,Brentford,9d8cf204
Matthew Cox,/en/players/fea06849/Matthew-Cox,Brentford,fea06849
Tristan Crama,/en/players/130e085a/Tristan-Crama,Brentford,130e085a
Charlie Goode,/en/players/7aee4dd3/Charlie-Goode,Brentford,7aee4dd3
Finley Stevens,/en/players/7e003182/Finley-Stevens,Brentford,7e003182
Thomas Strakosha,/en/players/339fe0e8/Thomas-Strakosha,Brentford,339fe0e8
Ryan Trevitt,/en/players/732327ae/Ryan-Trevitt,Brentford,732327ae
Yehor Yarmoliuk,/en/players/907a5d7c/Yehor-Yarmoliuk,Brentford,907a5d7c
Lewis Dunk,/en/players/282f75f3/Lewis-Dunk,Brighton,282f75f3
Robert Sánchez,/en/players/6a713852/Robert-Sanchez,Brighton,6a713852
Pascal Groß,/en/players/8aec0537/Pascal-Gross,Brighton,8aec0537
Solly March,/en/players/bb5fbd2b/Solly-March,Brighton,bb5fbd2b
Moisés Caicedo,/en/players/16264a81/Moises-Caicedo,Brighton,16264a81
Leandro Trossard,/en/players/38ceb24a/Leandro-Trossard,Brighton,38ceb24a
Alexis Mac Allister,/en/players/83d074ff/Alexis-Mac-Allister,Brighton,83d074ff
Adam Webster,/en/players/c40b6180/Adam-Webster,Brighton,c40b6180
Joël Veltman,/en/players/dad4b285/Joel-Veltman,Brighton,dad4b285
Danny Welbeck,/en/players/ce5143da/Danny-Welbeck,Brighton,ce5143da
Pervis Estupiñán,/en/players/d38fdf53/Pervis-Estupinan,Brighton,d38fdf53
Adam Lallana,/en/players/99813635/Adam-Lallana,Brighton,99813635
Kaoru Mitoma,/en/players/74618572/Kaoru-Mitoma,Brighton,74618572
Levi Colwill,/en/players/700783e7/Levi-Colwill,Brighton,700783e7
Enock Mwepu,/en/players/1d5cab82/Enock-Mwepu,Brighton,1d5cab82
Tariq Lamptey,/en/players/f4e433d4/Tariq-Lamptey,Brighton,f4e433d4
Jeremy Sarmiento,/en/players/ac0d576d/Jeremy-Sarmiento,Brighton,ac0d576d
Evan Ferguson,/en/players/4596da74/Evan-Ferguson,Brighton,4596da74
Billy Gilmour,/en/players/df10e27c/Billy-Gilmour,Brighton,df10e27c
Julio César Enciso,/en/players/9cfbad36/Julio-Cesar-Enciso,Brighton,9cfbad36
Deniz Undav,/en/players/dd549382/Deniz-Undav,Brighton,dd549382
Andrew Moran,/en/players/c4720845/Andrew-Moran,Brighton,c4720845
Jan Paul van Hecke,/en/players/4fd08daa/Jan-Paul-van-Hecke,Brighton,4fd08daa
Steven Alzate,/en/players/ad1f61f3/Steven-Alzate,Brighton,ad1f61f3
James Furlong,/en/players/ab18d1b0/James-Furlong,Brighton,ab18d1b0
Jack Hinshelwood,/en/players/e98211e7/Jack-Hinshelwood,Brighton,e98211e7
Neal Maupay,/en/players/4bcf39f6/Neal-Maupay,Brighton,4bcf39f6
Jason Steele,/en/players/28300a16/Jason-Steele,Brighton,28300a16
Ed Turns,/en/players/9bbef03e/Ed-Turns,Brighton,9bbef03e
Mason Mount,/en/players/9674002f/Mason-Mount,Chelsea,9674002f
Thiago Silva,/en/players/86e7deaf/Thiago-Silva,Chelsea,86e7deaf
Kai Havertz,/en/players/fed7cb61/Kai-Havertz,Chelsea,fed7cb61
Raheem Sterling,/en/players/b400bde0/Raheem-Sterling,Chelsea,b400bde0
Marc Cucurella,/en/players/1daec722/Marc-Cucurella,Chelsea,1daec722
Jorginho,/en/players/45db685d/Jorginho,Chelsea,45db685d
Ruben Loftus-Cheek,/en/players/e97fd090/Ruben-Loftus-Cheek,Chelsea,e97fd090
Kalidou Koulibaly,/en/players/da974c7b/Kalidou-Koulibaly,Chelsea,da974c7b
César Azpilicueta,/en/players/53cad200/Cesar-Azpilicueta,Chelsea,53cad200
Kepa Arrizabalaga,/en/players/28d596a0/Kepa-Arrizabalaga,Chelsea,28d596a0
Edouard Mendy,/en/players/33887998/Edouard-Mendy,Chelsea,33887998
Trevoh Chalobah,/en/players/5515376c/Trevoh-Chalobah,Chelsea,5515376c
Reece James,/en/players/1265a93a/Reece-James,Chelsea,1265a93a
Conor Gallagher,/en/players/c2731c10/Conor-Gallagher,Chelsea,c2731c10
Mateo Kovačić,/en/players/79c0821a/Mateo-Kovacic,Chelsea,79c0821a
Christian Pulisic,/en/players/1bf33a9a/Christian-Pulisic,Chelsea,1bf33a9a
Ben Chilwell,/en/players/d2424d1b/Ben-Chilwell,Chelsea,d2424d1b
Pierre-Emerick Aubameyang,/en/players/d5dd5f1f/Pierre-Emerick-Aubameyang,Chelsea,d5dd5f1f
Denis Zakaria,/en/players/384d58d9/Denis-Zakaria,Chelsea,384d58d9
Armando Broja,/en/players/97220da2/Armando-Broja,Chelsea,97220da2
Hakim Ziyech,/en/players/6622454d/Hakim-Ziyech,Chelsea,6622454d
Wesley Fofana,/en/players/132a82f1/Wesley-Fofana,Chelsea,132a82f1
N'Golo Kanté,/en/players/b9fbae28/NGolo-Kante,Chelsea,b9fbae28
Lewis Hall,/en/players/da011f18/Lewis-Hall,Chelsea,da011f18
Carney Chukwuemeka,/en/players/b2f9c73e/Carney-Chukwuemeka,Chelsea,b2f9c73e
Omari Hutchinson,/en/players/bd9553e6/Omari-Hutchinson,Chelsea,bd9553e6
Ethan Ampadu,/en/players/10b9fa99/Ethan-Ampadu,Chelsea,10b9fa99
Marcus Bettinelli,/en/players/0d85a4e8/Marcus-Bettinelli,Chelsea,0d85a4e8
Billy Gilmour,/en/players/df10e27c/Billy-Gilmour,Chelsea,df10e27c
Callum Hudson-Odoi,/en/players/15f3ec41/Callum-Hudson-Odoi,Chelsea,15f3ec41
Bashir Humphreys,/en/players/d2b32e91/Bashir-Humphreys,Chelsea,d2b32e91
Harvey Vale,/en/players/a70182a5/Harvey-Vale,Chelsea,a70182a5
Vicente Guaita,/en/players/ab13a5aa/Vicente-Guaita,Crystal Palace,ab13a5aa
Eberechi Eze,/en/players/ae4fc6a4/Eberechi-Eze,Crystal Palace,ae4fc6a4
Joachim Andersen,/en/players/e34fc66d/Joachim-Andersen,Crystal Palace,e34fc66d
Marc Guéhi,/en/players/d0706b27/Marc-Guehi,Crystal Palace,d0706b27
Wilfried Zaha,/en/players/b2bc3b1f/Wilfried-Zaha,Crystal Palace,b2bc3b1f
Jeffrey Schlupp,/en/players/3312f911/Jeffrey-Schlupp,Crystal Palace,3312f911
Cheick Doucouré,/en/players/ce4f40c7/Cheick-Doucoure,Crystal Palace,ce4f40c7
Jordan Ayew,/en/players/da052c14/Jordan-Ayew,Crystal Palace,da052c14
Joel Ward,/en/players/8a7ff278/Joel-Ward,Crystal Palace,8a7ff278
Tyrick Mitchell,/en/players/5cbd1eb0/Tyrick-Mitchell,Crystal Palace,5cbd1eb0
Michael Olise,/en/players/c4486bac/Michael-Olise,Crystal Palace,c4486bac
Nathaniel Clyne,/en/players/0442183b/Nathaniel-Clyne,Crystal Palace,0442183b
Odsonne Édouard,/en/players/0562b7f1/Odsonne-Edouard,Crystal Palace,0562b7f1
Jean-Philippe Mateta,/en/players/50e6dc35/Jean-Philippe-Mateta,Crystal Palace,50e6dc35
Luka Milivojević,/en/players/2ce2508a/Luka-Milivojevic,Crystal Palace,2ce2508a
James Tomkins,/en/players/e7ca0439/James-Tomkins,Crystal Palace,e7ca0439
Will Hughes,/en/players/a0666d3e/Will-Hughes,Crystal Palace,a0666d3e
Chris Richards,/en/players/0a3d6d2b/Chris-Richards,Crystal Palace,0a3d6d2b
Jaïro Riedewald,/en/players/7a1f2c08/Jairo-Riedewald,Crystal Palace,7a1f2c08
Malcolm Ebiowei,/en/players/fa9fa773/Malcolm-Ebiowei,Crystal Palace,fa9fa773
Kofi Balmer,/en/players/0284bd0d/Kofi-Balmer,Crystal Palace,0284bd0d
Jack Butland,/en/players/cc70a1d5/Jack-Butland,Crystal Palace,cc70a1d5
Owen Goodman,/en/players/8074e66f/Owen-Goodman,Crystal Palace,8074e66f
John-Kymani Gordon,/en/players/d7e24aa1/John-Kymani-Gordon,Crystal Palace,d7e24aa1
Sam Johnstone,/en/players/9e5708be/Sam-Johnstone,Crystal Palace,9e5708be
David Ozoh,/en/players/d00d45ab/David-Ozoh,Crystal Palace,d00d45ab
Killian Phillips,/en/players/cfa9f361/Killian-Phillips,Crystal Palace,cfa9f361
Luke Plange,/en/players/2140e999/Luke-Plange,Crystal Palace,2140e999
Kaden Rodney,/en/players/49375cdd/Kaden-Rodney,Crystal Palace,49375cdd
Jack Wells-Morrison,/en/players/a71ebcc8/Jack-Wells-Morrison,Crystal Palace,a71ebcc8
Joseph Whitworth,/en/players/3f847d95/Joseph-Whitworth,Crystal Palace,3f847d95
James Tarkowski,/en/players/15ea812b/James-Tarkowski,Everton,15ea812b
Alex Iwobi,/en/players/6ca5ec4b/Alex-Iwobi,Everton,6ca5ec4b
Vitaliy Mykolenko,/en/players/30d4a2e5/Vitaliy-Mykolenko,Everton,30d4a2e5
Jordan Pickford,/en/players/4806ec67/Jordan-Pickford,Everton,4806ec67
Demarai Gray,/en/players/4468ec10/Demarai-Gray,Everton,4468ec10
Conor Coady,/en/players/2928dca2/Conor-Coady,Everton,2928dca2
Amadou Onana,/en/players/828657ff/Amadou-Onana,Everton,828657ff
Anthony Gordon,/en/players/2bd83368/Anthony-Gordon,Everton,2bd83368
Idrissa Gana Gueye,/en/players/72c812f3/Idrissa-Gana-Gueye,Everton,72c812f3
Nathan Patterson,/en/players/230f0471/Nathan-Patterson,Everton,230f0471
Dwight McNeil,/en/players/fc15fb84/Dwight-McNeil,Everton,fc15fb84
Neal Maupay,/en/players/4bcf39f6/Neal-Maupay,Everton,4bcf39f6
Séamus Coleman,/en/players/0420d84f/Seamus-Coleman,Everton,0420d84f
Dominic Calvert-Lewin,/en/players/59e6e5bf/Dominic-Calvert-Lewin,Everton,59e6e5bf
Tom Davies,/en/players/9228b07c/Tom-Davies,Everton,9228b07c
Mason Holgate,/en/players/d0042ab9/Mason-Holgate,Everton,d0042ab9
Abdoulaye Doucouré,/en/players/02b29014/Abdoulaye-Doucoure,Everton,02b29014
Yerry Mina,/en/players/6d5701f2/Yerry-Mina,Everton,6d5701f2
Ben Godfrey,/en/players/9f7c837d/Ben-Godfrey,Everton,9f7c837d
Salomón Rondón,/en/players/b318a643/Salomon-Rondon,Everton,b318a643
Asmir Begović,/en/players/7b4de647/Asmir-Begovic,Everton,7b4de647
James Garner,/en/players/4e015693/James-Garner,Everton,4e015693
Dele Alli,/en/players/cea4ee8f/Dele-Alli,Everton,cea4ee8f
Isaac Price,/en/players/b9403c99/Isaac-Price,Everton,b9403c99
Rúben Vinagre,/en/players/b937e490/Ruben-Vinagre,Everton,b937e490
Thomas Cannon,/en/players/4506aec5/Thomas-Cannon,Everton,4506aec5
Michael Keane,/en/players/c5b7c315/Michael-Keane,Everton,c5b7c315
Ellis Simms,/en/players/26d3b5be/Ellis-Simms,Everton,26d3b5be
Kyle Alex John,/en/players/c9093a1a/Kyle-Alex-John,Everton,c9093a1a
Allan,/en/players/cc700722/Allan,Everton,cc700722
Jean-Philippe Gbamin,/en/players/6bd603db/Jean-Philippe-Gbamin,Everton,6bd603db
André Gomes,/en/players/1961b2aa/Andre-Gomes,Everton,1961b2aa
Eldin Jakupović,/en/players/1148323a/Eldin-Jakupovic,Everton,1148323a
Stanley Mills,/en/players/c0a454d5/Stanley-Mills,Everton,c0a454d5
Lewis Warrington,/en/players/8e633970/Lewis-Warrington,Everton,8e633970
Reece Welch,/en/players/a182122b/Reece-Welch,Everton,a182122b
Tim Ream,/en/players/28b40c9c/Tim-Ream,Fulham,28b40c9c
Andreas Pereira,/en/players/6639e500/Andreas-Pereira,Fulham,6639e500
João Palhinha,/en/players/a78ff07f/Joao-Palhinha,Fulham,a78ff07f
Bobby Reid,/en/players/0f7533cd/Bobby-Reid,Fulham,0f7533cd
Harrison Reed,/en/players/803ae100/Harrison-Reed,Fulham,803ae100
Bernd Leno,/en/players/2628fd2b/Bernd-Leno,Fulham,2628fd2b
Antonee Robinson,/en/players/289601e6/Antonee-Robinson,Fulham,289601e6
Aleksandar Mitrović,/en/players/3925dbd6/Aleksandar-Mitrovic,Fulham,3925dbd6
Tosin Adarabioyo,/en/players/c81d773d/Tosin-Adarabioyo,Fulham,c81d773d
Kenny Tete,/en/players/77d7c96f/Kenny-Tete,Fulham,77d7c96f
Willian,/en/players/8b9ebd03/Willian,Fulham,8b9ebd03
Neeskens Kebano,/en/players/18b999f4/Neeskens-Kebano,Fulham,18b999f4
Issa Diop,/en/players/a712ca2b/Issa-Diop,Fulham,a712ca2b
Daniel James,/en/players/c931d9f9/Daniel-James,Fulham,c931d9f9
Carlos Vinícius,/en/players/8b529245/Carlos-Vinicius,Fulham,8b529245
Harry Wilson,/en/players/c6dc9ecd/Harry-Wilson,Fulham,c6dc9ecd
Marek Rodák,/en/players/17acc2ed/Marek-Rodak,Fulham,17acc2ed
Tom Cairney,/en/players/a8748947/Tom-Cairney,Fulham,a8748947
Kevin Mbabu,/en/players/493924a7/Kevin-Mbabu,Fulham,493924a7
Jay Stansfield,/en/players/b2626673/Jay-Stansfield,Fulham,b2626673
Layvin Kurzawa,/en/players/41e7ef1c/Layvin-Kurzawa,Fulham,41e7ef1c
Nathaniel Chalobah,/en/players/422862ea/Nathaniel-Chalobah,Fulham,422862ea
Manor Solomon,/en/players/886f9aac/Manor-Solomon,Fulham,886f9aac
Josh Onomah,/en/players/6612cd8c/Josh-Onomah,Fulham,6612cd8c
Luke Harris,/en/players/8c3078cd/Luke-Harris,Fulham,8c3078cd
Shane Duffy,/en/players/7314bba4/Shane-Duffy,Fulham,7314bba4
Tyrese Francois,/en/players/6722d4f0/Tyrese-Francois,Fulham,6722d4f0
Terry Ablade,/en/players/d524dcd7/Terry-Ablade,Fulham,d524dcd7
Martial Godo,/en/players/e0eea46f/Martial-Godo,Fulham,e0eea46f
Rodrigo Muniz,/en/players/a755db8c/Rodrigo-Muniz,Fulham,a755db8c
Stefan Parkes,/en/players/66b290f7/Stefan-Parkes,Fulham,66b290f7
Kristian Sekularac,/en/players/e20a28ce/Kristian-Sekularac,Fulham,e20a28ce
Illan Meslier,/en/players/6b625ac2/Illan-Meslier,Leeds United,6b625ac2
Robin Koch,/en/players/ea6bc03a/Robin-Koch,Leeds United,ea6bc03a
Brenden Aaronson,/en/players/5bc43860/Brenden-Aaronson,Leeds United,5bc43860
Pascal Struijk,/en/players/f4d296e4/Pascal-Struijk,Leeds United,f4d296e4
Marc Roca,/en/players/da27e268/Marc-Roca,Leeds United,da27e268
Tyler Adams,/en/players/2b09d998/Tyler-Adams,Leeds United,2b09d998
Rodrigo,/en/players/1fb1c435/Rodrigo,Leeds United,1fb1c435
Rasmus Nissen,/en/players/39769cff/Rasmus-Nissen,Leeds United,39769cff
Jack Harrison,/en/players/aa849a12/Jack-Harrison,Leeds United,aa849a12
Liam Cooper,/en/players/dc64b8b3/Liam-Cooper,Leeds United,dc64b8b3
Diego Llorente,/en/players/bba30585/Diego-Llorente,Leeds United,bba30585
Luis Sinisterra,/en/players/8e16dd48/Luis-Sinisterra,Leeds United,8e16dd48
Crysencio Summerville,/en/players/df04eb4b/Crysencio-Summerville,Leeds United,df04eb4b
Patrick Bamford,/en/players/93feac6e/Patrick-Bamford,Leeds United,93feac6e
Degnand Gnonto,/en/players/75fdd638/Degnand-Gnonto,Leeds United,75fdd638
Luke Ayling,/en/players/420d7c7d/Luke-Ayling,Leeds United,420d7c7d
Sam Greenwood,/en/players/f3354c07/Sam-Greenwood,Leeds United,f3354c07
Daniel James,/en/players/c931d9f9/Daniel-James,Leeds United,c931d9f9
Adam Forshaw,/en/players/9f1938ab/Adam-Forshaw,Leeds United,9f1938ab
Joe Gelhardt,/en/players/01962d0d/Joe-Gelhardt,Leeds United,01962d0d
Junior Firpo,/en/players/24f59bb2/Junior-Firpo,Leeds United,24f59bb2
Cody Drameh,/en/players/e0d1510a/Cody-Drameh,Leeds United,e0d1510a
Mateusz Klich,/en/players/282679b4/Mateusz-Klich,Leeds United,282679b4
Darko Gyabi,/en/players/56d838f7/Darko-Gyabi,Leeds United,56d838f7
Mateo Fernández,/en/players/6ad43f9a/Mateo-Fernandez,Leeds United,6ad43f9a
Leo Fuhr Hjelde,/en/players/d102b8a2/Leo-Fuhr-Hjelde,Leeds United,d102b8a2
Archie Gray,/en/players/f58515f5/Archie-Gray,Leeds United,f58515f5
Kristoffer Klaesson,/en/players/3f70db80/Kristoffer-Klaesson,Leeds United,3f70db80
Sonny Perkins,/en/players/87f12e30/Sonny-Perkins,Leeds United,87f12e30
Joel Robles,/en/players/cda0b317/Joel-Robles,Leeds United,cda0b317
Danny Ward,/en/players/d3ce0e89/Danny-Ward,Leicester City,d3ce0e89
Timothy Castagne,/en/players/197640fd/Timothy-Castagne,Leicester City,197640fd
Youri Tielemans,/en/players/56f7a928/Youri-Tielemans,Leicester City,56f7a928
Harvey Barnes,/en/players/3ea50f67/Harvey-Barnes,Leicester City,3ea50f67
Kiernan Dewsbury-Hall,/en/players/5c74c0f5/Kiernan-Dewsbury-Hall,Leicester City,5c74c0f5
James Justin,/en/players/fb614c44/James-Justin,Leicester City,fb614c44
Daniel Amartey,/en/players/1a4ef233/Daniel-Amartey,Leicester City,1a4ef233
James Maddison,/en/players/ee38d9c5/James-Maddison,Leicester City,ee38d9c5
Wout Faes,/en/players/9c221d14/Wout-Faes,Leicester City,9c221d14
Boubakary Soumaré,/en/players/ae59b359/Boubakary-Soumare,Leicester City,ae59b359
Jamie Vardy,/en/players/45963054/Jamie-Vardy,Leicester City,45963054
Jonny Evans,/en/players/f8fcd2a5/Jonny-Evans,Leicester City,f8fcd2a5
Wilfred Ndidi,/en/players/6b47c5db/Wilfred-Ndidi,Leicester City,6b47c5db
Patson Daka,/en/players/ca45605e/Patson-Daka,Leicester City,ca45605e
Luke Thomas,/en/players/fc027d02/Luke-Thomas,Leicester City,fc027d02
Ayoze Pérez,/en/players/819aa8e7/Ayoze-Perez,Leicester City,819aa8e7
Dennis Praet,/en/players/86695068/Dennis-Praet,Leicester City,86695068
Wesley Fofana,/en/players/132a82f1/Wesley-Fofana,Leicester City,132a82f1
Kelechi Iheanacho,/en/players/c92e1a31/Kelechi-Iheanacho,Leicester City,c92e1a31
Çağlar Söyüncü,/en/players/21166ff4/Caglar-Soyuncu,Leicester City,21166ff4
Nampalys Mendy,/en/players/1598599e/Nampalys-Mendy,Leicester City,1598599e
Marc Albrighton,/en/players/b827d5b3/Marc-Albrighton,Leicester City,b827d5b3
Sammy Braybroke,/en/players/eb1600f9/Sammy-Braybroke,Leicester City,eb1600f9
Samuel Braybrooke,/en/players/9f684e25/Samuel-Braybrooke,Leicester City,9f684e25
Lewis Brunt,/en/players/a2081c6b/Lewis-Brunt,Leicester City,a2081c6b
Daniel Iversen,/en/players/10d221cd/Daniel-Iversen,Leicester City,10d221cd
Kasey McAteer,/en/players/b2c66859/Kasey-McAteer,Leicester City,b2c66859
Jannik Vestergaard,/en/players/1900032e/Jannik-Vestergaard,Leicester City,1900032e
Joe Wormleighton,/en/players/59d2e6bb/Joe-Wormleighton,Leicester City,59d2e6bb
Alisson,/en/players/7a2e46a8/Alisson,Liverpool,7a2e46a8
Mohamed Salah,/en/players/e342ad68/Mohamed-Salah,Liverpool,e342ad68
Virgil van Dijk,/en/players/e06683ca/Virgil-van-Dijk,Liverpool,e06683ca
Trent Alexander-Arnold,/en/players/cd1acf9d/Trent-Alexander-Arnold,Liverpool,cd1acf9d
Fabinho,/en/players/7f3b388c/Fabinho,Liverpool,7f3b388c
Andrew Robertson,/en/players/2e4f5f03/Andrew-Robertson,Liverpool,2e4f5f03
Harvey Elliott,/en/players/c8387671/Harvey-Elliott,Liverpool,c8387671
Roberto Firmino,/en/players/4c370d81/Roberto-Firmino,Liverpool,4c370d81
Thiago Alcántara,/en/players/77e84962/Thiago-Alcantara,Liverpool,77e84962
Darwin Núñez,/en/players/4d77b365/Darwin-Nunez,Liverpool,4d77b365
Joe Gomez,/en/players/7a11550b/Joe-Gomez,Liverpool,7a11550b
Jordan Henderson,/en/players/935e6b8f/Jordan-Henderson,Liverpool,935e6b8f
Luis Díaz,/en/players/4a1a9578/Luis-Diaz,Liverpool,4a1a9578
Joël Matip,/en/players/b217ef29/Joel-Matip,Liverpool,b217ef29
Kostas Tsimikas,/en/players/f315ca93/Kostas-Tsimikas,Liverpool,f315ca93
James Milner,/en/players/2f90f6b8/James-Milner,Liverpool,2f90f6b8
Fabio Carvalho,/en/players/966e28d0/Fabio-Carvalho,Liverpool,966e28d0
Alex Oxlade-Chamberlain,/en/players/38c7feef/Alex-Oxlade-Chamberlain,Liverpool,38c7feef
Ibrahima Konaté,/en/players/5ed9b537/Ibrahima-Konate,Liverpool,5ed9b537
Diogo Jota,/en/players/178ae8f8/Diogo-Jota,Liverpool,178ae8f8
Curtis Jones,/en/players/4fb9c88f/Curtis-Jones,Liverpool,4fb9c88f
Nathaniel Phillips,/en/players/515ebe8d/Nathaniel-Phillips,Liverpool,515ebe8d
Naby Keïta,/en/players/f25c8e3a/Naby-Keita,Liverpool,f25c8e3a
Stefan Bajcetic,/en/players/32e8417f/Stefan-Bajcetic,Liverpool,32e8417f
Bobby Clark,/en/players/73341ace/Bobby-Clark,Liverpool,73341ace
Ben Doak,/en/players/733f1a7d/Ben-Doak,Liverpool,733f1a7d
Adrián,/en/players/f76e6b4e/Adrian,Liverpool,f76e6b4e
Luke Chambers,/en/players/7d6af698/Luke-Chambers,Liverpool,7d6af698
Harvey Davies,/en/players/fd08a24b/Harvey-Davies,Liverpool,fd08a24b
Sepp van den Berg,/en/players/7bf9400b/Sepp-van-den-Berg,Liverpool,7bf9400b
Caoimhín Kelleher,/en/players/62d7ef38/Caoimhin-Kelleher,Liverpool,62d7ef38
Arthur Melo,/en/players/48b3dd60/Arthur-Melo,Liverpool,48b3dd60
Calvin Ramsay,/en/players/d720e834/Calvin-Ramsay,Liverpool,d720e834
Ederson,/en/players/3bb7b8b4/Ederson,Manchester City,3bb7b8b4
Kevin De Bruyne,/en/players/e46012d4/Kevin-De-Bruyne,Manchester City,e46012d4
Rodri,/en/players/6434f10d/Rodri,Manchester City,6434f10d
Erling Haaland,/en/players/1f44ac21/Erling-Haaland,Manchester City,1f44ac21
João Cancelo,/en/players/bd6351cd/Joao-Cancelo,Manchester City,bd6351cd
Bernardo Silva,/en/players/3eb22ec9/Bernardo-Silva,Manchester City,3eb22ec9
İlkay Gündoğan,/en/players/819b3158/Ilkay-Gundogan,Manchester City,819b3158
Phil Foden,/en/players/ed1e53f3/Phil-Foden,Manchester City,ed1e53f3
John Stones,/en/players/5eecec3d/John-Stones,Manchester City,5eecec3d
Manuel Akanji,/en/players/89ac64a6/Manuel-Akanji,Manchester City,89ac64a6
Nathan Aké,/en/players/eaeca114/Nathan-Ake,Manchester City,eaeca114
Rúben Dias,/en/players/31c69ef1/Ruben-Dias,Manchester City,31c69ef1
Jack Grealish,/en/players/b0b4fd3e/Jack-Grealish,Manchester City,b0b4fd3e
Kyle Walker,/en/players/86dd77d1/Kyle-Walker,Manchester City,86dd77d1
Riyad Mahrez,/en/players/892d5bb1/Riyad-Mahrez,Manchester City,892d5bb1
Julián Álvarez,/en/players/15ab5a2b/Julian-Alvarez,Manchester City,15ab5a2b
Aymeric Laporte,/en/players/119b9a8e/Aymeric-Laporte,Manchester City,119b9a8e
Rico Lewis,/en/players/b57e066e/Rico-Lewis,Manchester City,b57e066e
Sergio Gómez,/en/players/01e5f06e/Sergio-Gomez,Manchester City,01e5f06e
Cole Palmer,/en/players/dc7f8a28/Cole-Palmer,Manchester City,dc7f8a28
Kalvin Phillips,/en/players/4f565d77/Kalvin-Phillips,Manchester City,4f565d77
Scott Carson,/en/players/3e1550ee/Scott-Carson,Manchester City,3e1550ee
Liam Delap,/en/players/dd897ee7/Liam-Delap,Manchester City,dd897ee7
Claudio Gomes,/en/players/22f6ed2c/Claudio-Gomes,Manchester City,22f6ed2c
Ben Knight,/en/players/190163f3/Ben-Knight,Manchester City,190163f3
Luke Mbete-Tatu,/en/players/387e1d35/Luke-Mbete-Tatu,Manchester City,387e1d35
Stefan Ortega,/en/players/c1242d4e/Stefan-Ortega,Manchester City,c1242d4e
Josh Wilson-Esbrand,/en/players/c19a2df1/Josh-Wilson-Esbrand,Manchester City,c19a2df1
David de Gea,/en/players/7ba6d84e/David-de-Gea,Manchester Utd,7ba6d84e
Bruno Fernandes,/en/players/507c7bdf/Bruno-Fernandes,Manchester Utd,507c7bdf
Marcus Rashford,/en/players/a1d5bd30/Marcus-Rashford,Manchester Utd,a1d5bd30
Christian Eriksen,/en/players/980522ec/Christian-Eriksen,Manchester Utd,980522ec
Lisandro Martínez,/en/players/bac46a10/Lisandro-Martinez,Manchester Utd,bac46a10
Diogo Dalot,/en/players/d9565625/Diogo-Dalot,Manchester Utd,d9565625
Luke Shaw,/en/players/9c94165b/Luke-Shaw,Manchester Utd,9c94165b
Casemiro,/en/players/4d224fe8/Casemiro,Manchester Utd,4d224fe8
Raphaël Varane,/en/players/9f8e9423/Raphael-Varane,Manchester Utd,9f8e9423
Jadon Sancho,/en/players/dbf053da/Jadon-Sancho,Manchester Utd,dbf053da
Tyrell Malacia,/en/players/6b6c793c/Tyrell-Malacia,Manchester Utd,6b6c793c
Antony,/en/players/99127249/Antony,Manchester Utd,99127249
Scott McTominay,/en/players/d93c2511/Scott-McTominay,Manchester Utd,d93c2511
Anthony Martial,/en/players/8b788c01/Anthony-Martial,Manchester Utd,8b788c01
Anthony Elanga,/en/players/2fba6108/Anthony-Elanga,Manchester Utd,2fba6108
Cristiano Ronaldo,/en/players/dea698d9/Cristiano-Ronaldo,Manchester Utd,dea698d9
Fred,/en/players/b853e0ad/Fred,Manchester Utd,b853e0ad
Victor Lindelöf,/en/players/f5deef4c/Victor-Lindelof,Manchester Utd,f5deef4c
Harry Maguire,/en/players/d8931174/Harry-Maguire,Manchester Utd,d8931174
Aaron Wan-Bissaka,/en/players/9e525177/Aaron-Wan-Bissaka,Manchester Utd,9e525177
Alejandro Garnacho,/en/players/7aa8adfe/Alejandro-Garnacho,Manchester Utd,7aa8adfe
Donny van de Beek,/en/players/50dc94ce/Donny-van-de-Beek,Manchester Utd,50dc94ce
Rhys Bennett,/en/players/e4588897/Rhys-Bennett,Manchester Utd,e4588897
Nathan Bishop,/en/players/bf713136/Nathan-Bishop,Manchester Utd,bf713136
Martin Dúbravka,/en/players/3a949a25/Martin-Dubravka,Manchester Utd,3a949a25
James Garner,/en/players/4e015693/James-Garner,Manchester Utd,4e015693
Tom Heaton,/en/players/a6de6361/Tom-Heaton,Manchester Utd,a6de6361
Zidane Iqbal,/en/players/6fa3c28e/Zidane-Iqbal,Manchester Utd,6fa3c28e
Matej Kovar,/en/players/bc67a0e1/Matej-Kovar,Manchester Utd,bc67a0e1
Kobbie Mainoo,/en/players/c6220452/Kobbie-Mainoo,Manchester Utd,c6220452
Facundo Pellistri,/en/players/ac7e7b1c/Facundo-Pellistri,Manchester Utd,ac7e7b1c
Shola Shoretire,/en/players/00f0482f/Shola-Shoretire,Manchester Utd,00f0482f
Brandon Williams,/en/players/5e74d6c8/Brandon-Williams,Manchester Utd,5e74d6c8
Nick Pope,/en/players/4b40d9ca/Nick-Pope,Newcastle Utd,4b40d9ca
Kieran Trippier,/en/players/21512407/Kieran-Trippier,Newcastle Utd,21512407
Miguel Almirón,/en/players/862a1c15/Miguel-Almiron,Newcastle Utd,862a1c15
Fabian Schär,/en/players/c8aa95da/Fabian-Schar,Newcastle Utd,c8aa95da
Dan Burn,/en/players/b2d31e83/Dan-Burn,Newcastle Utd,b2d31e83
Joe Willock,/en/players/a3b03921/Joe-Willock,Newcastle Utd,a3b03921
Joelinton,/en/players/c17bfb65/Joelinton,Newcastle Utd,c17bfb65
Sven Botman,/en/players/ccce7025/Sven-Botman,Newcastle Utd,ccce7025
Bruno Guimarães,/en/players/82518f62/Bruno-Guimaraes,Newcastle Utd,82518f62
Sean Longstaff,/en/players/a2b105e0/Sean-Longstaff,Newcastle Utd,a2b105e0
Callum Wilson,/en/players/c596fcb0/Callum-Wilson,Newcastle Utd,c596fcb0
Jacob Murphy,/en/players/de112b84/Jacob-Murphy,Newcastle Utd,de112b84
Chris Wood,/en/players/4e9a0555/Chris-Wood,Newcastle Utd,4e9a0555
Matt Targett,/en/players/e514ab62/Matt-Targett,Newcastle Utd,e514ab62
Allan Saint-Maximin,/en/players/2b16cb1a/Allan-Saint-Maximin,Newcastle Utd,2b16cb1a
Ryan Fraser,/en/players/d56543a0/Ryan-Fraser,Newcastle Utd,d56543a0
Alexander Isak,/en/players/8e92be30/Alexander-Isak,Newcastle Utd,8e92be30
Jamaal Lascelles,/en/players/450ab6fc/Jamaal-Lascelles,Newcastle Utd,450ab6fc
Elliot Anderson,/en/players/de31038e/Elliot-Anderson,Newcastle Utd,de31038e
Jonjo Shelvey,/en/players/3727dd3c/Jonjo-Shelvey,Newcastle Utd,3727dd3c
Javier Manquillo,/en/players/758dd7f0/Javier-Manquillo,Newcastle Utd,758dd7f0
Jamal Lewis,/en/players/efb9215a/Jamal-Lewis,Newcastle Utd,efb9215a
Matt Ritchie,/en/players/71ef519e/Matt-Ritchie,Newcastle Utd,71ef519e
Emil Krafth,/en/players/77cf6852/Emil-Krafth,Newcastle Utd,77cf6852
Karl Darlow,/en/players/cde3309f/Karl-Darlow,Newcastle Utd,cde3309f
Martin Dúbravka,/en/players/3a949a25/Martin-Dubravka,Newcastle Utd,3a949a25
Paul Dummett,/en/players/3fe6bd8c/Paul-Dummett,Newcastle Utd,3fe6bd8c
Loris Karius,/en/players/32e7ce92/Loris-Karius,Newcastle Utd,32e7ce92
Dean Henderson,/en/players/e5a76dfe/Dean-Henderson,Nott'ham Forest,e5a76dfe
Brennan Johnson,/en/players/0cd31129/Brennan-Johnson,Nott'ham Forest,0cd31129
Ryan Yates,/en/players/c1fe2a48/Ryan-Yates,Nott'ham Forest,c1fe2a48
Scott McKenna,/en/players/4e5a4cbc/Scott-McKenna,Nott'ham Forest,4e5a4cbc
Morgan Gibbs-White,/en/players/32f60ed8/Morgan-Gibbs-White,Nott'ham Forest,32f60ed8
Neco Williams,/en/players/dd323728/Neco-Williams,Nott'ham Forest,dd323728
Remo Freuler,/en/players/98d2c2c4/Remo-Freuler,Nott'ham Forest,98d2c2c4
Steve Cook,/en/players/3e5e4e63/Steve-Cook,Nott'ham Forest,3e5e4e63
Jesse Lingard,/en/players/810e3c74/Jesse-Lingard,Nott'ham Forest,810e3c74
Joe Worrall,/en/players/a5212312/Joe-Worrall,Nott'ham Forest,a5212312
Serge Aurier,/en/players/5c2b4f07/Serge-Aurier,Nott'ham Forest,5c2b4f07
Renan Lodi,/en/players/ed9f7cfe/Renan-Lodi,Nott'ham Forest,ed9f7cfe
Taiwo Awoniyi,/en/players/e5478b87/Taiwo-Awoniyi,Nott'ham Forest,e5478b87
Cheikhou Kouyaté,/en/players/8d3c902d/Cheikhou-Kouyate,Nott'ham Forest,8d3c902d
Harry Toffolo,/en/players/a105d46a/Harry-Toffolo,Nott'ham Forest,a105d46a
Lewis O'Brien,/en/players/089667a5/Lewis-OBrien,Nott'ham Forest,089667a5
Orel Mangala,/en/players/a572e291/Orel-Mangala,Nott'ham Forest,a572e291
Willy Boly,/en/players/a4ac4b8f/Willy-Boly,Nott'ham Forest,a4ac4b8f
Emmanuel Dennis,/en/players/2c44a35d/Emmanuel-Dennis,Nott'ham Forest,2c44a35d
Moussa Niakhate,/en/players/00242715/Moussa-Niakhate,Nott'ham Forest,00242715
Sam Surridge,/en/players/b017b770/Sam-Surridge,Nott'ham Forest,b017b770
Jack Colback,/en/players/963a9201/Jack-Colback,Nott'ham Forest,963a9201
Wayne Hennessey,/en/players/76eca7e2/Wayne-Hennessey,Nott'ham Forest,76eca7e2
Gustavo Scarpa,/en/players/2964fd20/Gustavo-Scarpa,Nott'ham Forest,2964fd20
Giulian Biancone,/en/players/de40e38c/Giulian-Biancone,Nott'ham Forest,de40e38c
Alexander Mighten,/en/players/10ec4169/Alexander-Mighten,Nott'ham Forest,10ec4169
Cafú,/en/players/85322440/Cafu,Nott'ham Forest,85322440
Loïc Bade,/en/players/114bbdee/Loic-Bade,Nott'ham Forest,114bbdee
Oliver Hammond,/en/players/3766178e/Oliver-Hammond,Nott'ham Forest,3766178e
Loïc Mbe Soh,/en/players/8f534f8e/Loic-Mbe-Soh,Nott'ham Forest,8f534f8e
Jordan Smith,/en/players/cfca9c4e/Jordan-Smith,Nott'ham Forest,cfca9c4e
Dale Taylor,/en/players/d5094280/Dale-Taylor,Nott'ham Forest,d5094280
Lyle Taylor,/en/players/3e80e04e/Lyle-Taylor,Nott'ham Forest,3e80e04e
Gavin Bazunu,/en/players/c91441dc/Gavin-Bazunu,Southampton,c91441dc
James Ward-Prowse,/en/players/3515d404/James-Ward-Prowse,Southampton,3515d404
Mohammed Salisu,/en/players/0b33f6ad/Mohammed-Salisu,Southampton,0b33f6ad
Che Adams,/en/players/f2bf1b0f/Che-Adams,Southampton,f2bf1b0f
Mohamed Elyounoussi,/en/players/68dc0dac/Mohamed-Elyounoussi,Southampton,68dc0dac
Kyle Walker-Peters,/en/players/984a5a64/Kyle-Walker-Peters,Southampton,984a5a64
Armel Bella Kotchap,/en/players/a39d11bc/Armel-Bella-Kotchap,Southampton,a39d11bc
Romain Perraud,/en/players/6dfd8f05/Romain-Perraud,Southampton,6dfd8f05
Joe Aribo,/en/players/328f7d51/Joe-Aribo,Southampton,328f7d51
Adam Armstrong,/en/players/68c720b5/Adam-Armstrong,Southampton,68c720b5
Stuart Armstrong,/en/players/97333cf5/Stuart-Armstrong,Southampton,97333cf5
Roméo Lavia,/en/players/ecad9aa5/Romeo-Lavia,Southampton,ecad9aa5
Ibrahima Diallo,/en/players/11ff3d56/Ibrahima-Diallo,Southampton,11ff3d56
Moussa Djenepo,/en/players/254147d4/Moussa-Djenepo,Southampton,254147d4
Duje Ćaleta-Car,/en/players/94f8d10c/Duje-Caleta-Car,Southampton,94f8d10c
Ainsley Maitland-Niles,/en/players/e3a5814e/Ainsley-Maitland-Niles,Southampton,e3a5814e
Lyanco,/en/players/b5bf1770/Lyanco,Southampton,b5bf1770
Sekou Mara,/en/players/3544641e/Sekou-Mara,Southampton,3544641e
Samuel Edozie,/en/players/007414dd/Samuel-Edozie,Southampton,007414dd
Jan Bednarek,/en/players/4115ce4e/Jan-Bednarek,Southampton,4115ce4e
Juan Larios,/en/players/cf7fb13a/Juan-Larios,Southampton,cf7fb13a
Theo Walcott,/en/players/1ecb65be/Theo-Walcott,Southampton,1ecb65be
Oriol Romeu,/en/players/4b511457/Oriol-Romeu,Southampton,4b511457
Yan Valery,/en/players/531a4aa8/Yan-Valery,Southampton,531a4aa8
Jack Stephens,/en/players/6adbc307/Jack-Stephens,Southampton,6adbc307
Nathan Redmond,/en/players/ab651565/Nathan-Redmond,Southampton,ab651565
Willy Caballero,/en/players/a179d516/Willy-Caballero,Southampton,a179d516
Ryan Finnigan,/en/players/9610c9c1/Ryan-Finnigan,Southampton,9610c9c1
Alex McCarthy,/en/players/36c2ca73/Alex-McCarthy,Southampton,36c2ca73
Jimmy Morgan,/en/players/f9d409a1/Jimmy-Morgan,Southampton,f9d409a1
Lewis Payne,/en/players/32e9d210/Lewis-Payne,Southampton,32e9d210
Harry Kane,/en/players/21a66f6a/Harry-Kane,Tottenham,21a66f6a
Hugo Lloris,/en/players/8f62b6ee/Hugo-Lloris,Tottenham,8f62b6ee
Pierre Højbjerg,/en/players/8b04d6c1/Pierre-Hojbjerg,Tottenham,8b04d6c1
Eric Dier,/en/players/ac861941/Eric-Dier,Tottenham,ac861941
Son Heung-min,/en/players/92e7e919/Son-Heung-min,Tottenham,92e7e919
Rodrigo Bentancur,/en/players/3b8674e6/Rodrigo-Bentancur,Tottenham,3b8674e6
Ivan Perišić,/en/players/6fe90922/Ivan-Perisic,Tottenham,6fe90922
Ben Davies,/en/players/44781702/Ben-Davies,Tottenham,44781702
Emerson,/en/players/df8b52a5/Emerson,Tottenham,df8b52a5
Clément Lenglet,/en/players/4f28a6ff/Clement-Lenglet,Tottenham,4f28a6ff
Cristian Romero,/en/players/a3d94a58/Cristian-Romero,Tottenham,a3d94a58
Yves Bissouma,/en/players/6c203af0/Yves-Bissouma,Tottenham,6c203af0
Ryan Sessegnon,/en/players/6aa3e78b/Ryan-Sessegnon,Tottenham,6aa3e78b
Dejan Kulusevski,/en/players/df3cda47/Dejan-Kulusevski,Tottenham,df3cda47
Matt Doherty,/en/players/d557d734/Matt-Doherty,Tottenham,d557d734
Davinson Sánchez,/en/players/da7b447d/Davinson-Sanchez,Tottenham,da7b447d
Richarlison,/en/players/fa031b34/Richarlison,Tottenham,fa031b34
Oliver Skipp,/en/players/6250083a/Oliver-Skipp,Tottenham,6250083a
Bryan,/en/players/7b5ab7f2/Bryan,Tottenham,7b5ab7f2
Fraser Forster,/en/players/c3e39f12/Fraser-Forster,Tottenham,c3e39f12
Japhet Tanganga,/en/players/e9971f2d/Japhet-Tanganga,Tottenham,e9971f2d
Lucas Moura,/en/players/2b622f01/Lucas-Moura,Tottenham,2b622f01
Pape Matar Sarr,/en/players/feb5d972/Pape-Matar-Sarr,Tottenham,feb5d972
Djed Spence,/en/players/9bc9a519/Djed-Spence,Tottenham,9bc9a519
Harvey White,/en/players/4d90ce8c/Harvey-White,Tottenham,4d90ce8c
Declan Rice,/en/players/1c7012b8/Declan-Rice,West Ham,1c7012b8
Jarrod Bowen,/en/players/79c84d1c/Jarrod-Bowen,West Ham,79c84d1c
Łukasz Fabiański,/en/players/9328b835/Lukasz-Fabianski,West Ham,9328b835
Tomáš Souček,/en/players/6613c819/Tomas-Soucek,West Ham,6613c819
Aaron Cresswell,/en/players/4f974391/Aaron-Cresswell,West Ham,4f974391
Thilo Kehrer,/en/players/51dbeea9/Thilo-Kehrer,West Ham,51dbeea9
Kurt Zouma,/en/players/ce4246f5/Kurt-Zouma,West Ham,ce4246f5
Gianluca Scamacca,/en/players/8790f988/Gianluca-Scamacca,West Ham,8790f988
Vladimír Coufal,/en/players/fdf3cb77/Vladimir-Coufal,West Ham,fdf3cb77
Pablo Fornals,/en/players/82927de4/Pablo-Fornals,West Ham,82927de4
Lucas Paquetá,/en/players/9b6f7fd5/Lucas-Paqueta,West Ham,9b6f7fd5
Saïd Benrahma,/en/players/5a04fd92/Said-Benrahma,West Ham,5a04fd92
Craig Dawson,/en/players/3e9e06cb/Craig-Dawson,West Ham,3e9e06cb
Michail Antonio,/en/players/ac05f970/Michail-Antonio,West Ham,ac05f970
Ben Johnson,/en/players/9319781b/Ben-Johnson,West Ham,9319781b
Emerson Palmieri,/en/players/e0bc6fdc/Emerson-Palmieri,West Ham,e0bc6fdc
Flynn Downes,/en/players/69fdb896/Flynn-Downes,West Ham,69fdb896
Nayef Aguerd,/en/players/288e1e13/Nayef-Aguerd,West Ham,288e1e13
Manuel Lanzini,/en/players/26f6dca8/Manuel-Lanzini,West Ham,26f6dca8
Angelo Ogbonna,/en/players/74b2cd7e/Angelo-Ogbonna,West Ham,74b2cd7e
Maxwel Cornet,/en/players/beb391dd/Maxwel-Cornet,West Ham,beb391dd
Alphonse Areola,/en/players/2f965a72/Alphonse-Areola,West Ham,2f965a72
Divin Mubama,/en/players/92868cb5/Divin-Mubama,West Ham,92868cb5
Conor Coventry,/en/players/a5ca9127/Conor-Coventry,West Ham,a5ca9127
Harrison Ashby,/en/players/b391383a/Harrison-Ashby,West Ham,b391383a
Armstrong Okoflex,/en/players/ab77d10d/Armstrong-Okoflex,West Ham,ab77d10d
Darren Randolph,/en/players/6385ebfb/Darren-Randolph,West Ham,6385ebfb
Nikola Vlašić,/en/players/aa8e289e/Nikola-Vlasic,West Ham,aa8e289e
Max Kilman,/en/players/d0f72bf1/Max-Kilman,Wolves,d0f72bf1
José Sá,/en/players/903b6e8b/Jose-Sa,Wolves,903b6e8b
Rúben Neves,/en/players/44bfb6c5/Ruben-Neves,Wolves,44bfb6c5
Nathan Collins,/en/players/a8c19eb8/Nathan-Collins,Wolves,a8c19eb8
Daniel Podence,/en/players/7fcc71d8/Daniel-Podence,Wolves,7fcc71d8
João Moutinho,/en/players/f5a00fa4/Joao-Moutinho,Wolves,f5a00fa4
Matheus Nunes,/en/players/e6af02e0/Matheus-Nunes,Wolves,e6af02e0
Jonny Castro,/en/players/e28868f3/Jonny-Castro,Wolves,e28868f3
Nélson Semedo,/en/players/d04b94db/Nelson-Semedo,Wolves,d04b94db
Gonçalo Guedes,/en/players/e6bc67d7/Goncalo-Guedes,Wolves,e6bc67d7
Hugo Bueno,/en/players/bfc3b3a0/Hugo-Bueno,Wolves,bfc3b3a0
Diego Costa,/en/players/a190d597/Diego-Costa,Wolves,a190d597
Pedro Neto,/en/players/7ba2eaa9/Pedro-Neto,Wolves,7ba2eaa9
Rayan Aït Nouri,/en/players/9b398aea/Rayan-Ait-Nouri,Wolves,9b398aea
Adama Traoré,/en/players/9a28eba4/Adama-Traore,Wolves,9a28eba4
Hwang Hee-chan,/en/players/169fd162/Hwang-Hee-chan,Wolves,169fd162
Boubacar Traoré,/en/players/999ceb5f/Boubacar-Traore,Wolves,999ceb5f
Toti Gomes,/en/players/f0caab96/Toti-Gomes,Wolves,f0caab96
Raúl Jiménez,/en/players/b561db50/Raul-Jimenez,Wolves,b561db50
Leander Dendoncker,/en/players/5a7301ae/Leander-Dendoncker,Wolves,5a7301ae
Morgan Gibbs-White,/en/players/32f60ed8/Morgan-Gibbs-White,Wolves,32f60ed8
Joseph Hodge,/en/players/bd8a5d95/Joseph-Hodge,Wolves,bd8a5d95
Sasa Kalajdzic,/en/players/15f24fe7/Sasa-Kalajdzic,Wolves,15f24fe7
Chem Campbell,/en/players/6f711f67/Chem-Campbell,Wolves,6f711f67
Matheus Cunha,/en/players/dc62b55d/Matheus-Cunha,Wolves,dc62b55d
Dexter Lembikisa,/en/players/0bdda685/Dexter-Lembikisa,Wolves,0bdda685
Connor Ronan,/en/players/1b804500/Connor-Ronan,Wolves,1b804500
Willy Boly,/en/players/a4ac4b8f/Willy-Boly,Wolves,a4ac4b8f
Conor Coady,/en/players/2928dca2/Conor-Coady,Wolves,2928dca2
Luke Cundle,/en/players/cc3b8e78/Luke-Cundle,Wolves,cc3b8e78
Nathan Fraser,/en/players/00b77ecf/Nathan-Fraser,Wolves,00b77ecf
Harvey Griffiths,/en/players/6e4cb264/Harvey-Griffiths,Wolves,6e4cb264
Yerson Mosquera,/en/players/1e159d70/Yerson-Mosquera,Wolves,1e159d70
Matija Šarkić,/en/players/a89e7b29/Matija-Sarkic,Wolves,a89e7b29
