player_name,player_slug,team_name
Gabriel Dos Santos,/en/players/67ac5bb8/Gabriel-Dos-Santos,Arsenal
Aaron Ramsdale,/en/players/466fb2c5/Aaron-Ramsdale,Arsenal
William Saliba,/en/players/972aeb2a/William-Saliba,Arsenal
Gabriel Jesus,/en/players/b66315ae/Gabriel-Jesus,Arsenal
Martinelli,/en/players/48a5a5d6/Martinelli,Arsenal
Bukayo Saka,/en/players/bc7dc64d/Bukayo-Saka,Arsenal
Granit Xhaka,/en/players/e61b8aee/Granit-Xhaka,Arsenal
Ben White,/en/players/35e413f1/Ben-White,Arsenal
Martin Ødegaard,/en/players/79300479/Martin-Odegaard,Arsenal
Thomas Partey,/en/players/529f49ab/Thomas-Partey,Arsenal
Oleksandr Zinchenko,/en/players/51cf8561/Oleksandr-Zinchenko,Arsenal
Takehiro Tomiyasu,/en/players/b3af9be1/Takehiro-Tomiyasu,Arsenal
Kieran Tierney,/en/players/fce2302c/Kieran-Tierney,Arsenal
Albert Sambi Lokonga,/en/players/1b4f1169/Albert-Sambi-Lokonga,Arsenal
Fabio Vieira,/en/players/6412cc03/Fabio-Vieira,Arsenal
Mohamed Elneny,/en/players/47a34c4f/Mohamed-Elneny,Arsenal
Eddie Nketiah,/en/players/a53649b7/Eddie-Nketiah,Arsenal
Reiss Nelson,/en/players/c5bdb6e3/Reiss-Nelson,Arsenal
Emile Smith Rowe,/en/players/17695062/Emile-Smith-Rowe,Arsenal
Cédric Soares,/en/players/839c14e1/Cedric-Soares,Arsenal
Rob Holding,/en/players/d79a8c87/Rob-Holding,Arsenal
Marquinhos,/en/players/59878425/Marquinhos,Arsenal
Ethan Nwaneri,/en/players/7f94982c/Ethan-Nwaneri,Arsenal
Karl Jakob Hein,/en/players/aa81d8f8/Karl-Jakob-Hein,Arsenal
Nicolas Pépé,/en/players/57e3f0c7/Nicolas-Pepe,Arsenal
Matthew Smith,/en/players/54b6eed9/Matthew-Smith,Arsenal
Lino Sousa,/en/players/e09d77a2/Lino-Sousa,Arsenal
Matt Turner,/en/players/4a51ba65/Matt-Turner,Arsenal
Emiliano Martínez,/en/players/7956236f/Emiliano-Martinez,Aston Villa
Ezri Konsa,/en/players/0313a347/Ezri-Konsa,Aston Villa
Ollie Watkins,/en/players/aed3a70f/Ollie-Watkins,Aston Villa
Tyrone Mings,/en/players/8397a50c/Tyrone-Mings,Aston Villa
John McGinn,/en/players/90f91999/John-McGinn,Aston Villa
Matty Cash,/en/players/2389cdc2/Matty-Cash,Aston Villa
Jacob Ramsey,/en/players/1544f145/Jacob-Ramsey,Aston Villa
Leon Bailey,/en/players/3a233281/Leon-Bailey,Aston Villa
Douglas Luiz,/en/players/6f7d826d/Douglas-Luiz,Aston Villa
Lucas Digne,/en/players/1b84dbe1/Lucas-Digne,Aston Villa
Danny Ings,/en/players/07802f7f/Danny-Ings,Aston Villa
Boubacar Kamara,/en/players/cc77354e/Boubacar-Kamara,Aston Villa
Ashley Young,/en/players/be927d03/Ashley-Young,Aston Villa
Emi Buendía,/en/players/66b76d44/Emi-Buendia,Aston Villa
Philippe Coutinho,/en/players/0ef89a37/Philippe-Coutinho,Aston Villa
Leander Dendoncker,/en/players/5a7301ae/Leander-Dendoncker,Aston Villa
Diego Carlos,/en/players/b4a014b1/Diego-Carlos,Aston Villa
Calum Chambers,/en/players/dc6f5bdd/Calum-Chambers,Aston Villa
Jan Bednarek,/en/players/4115ce4e/Jan-Bednarek,Aston Villa
Ludwig Augustinsson,/en/players/9fec8860/Ludwig-Augustinsson,Aston Villa
Robin Olsen,/en/players/e7ee38c3/Robin-Olsen,Aston Villa
Cameron Archer,/en/players/05e8ca6d/Cameron-Archer,Aston Villa
Morgan Sanson,/en/players/6e7f1353/Morgan-Sanson,Aston Villa
Lamare Bogarde,/en/players/bca5c4a7/Lamare-Bogarde,Aston Villa
Tim Iroegbunam,/en/players/84c5ceea/Tim-Iroegbunam,Aston Villa
Marvelous Nakamba,/en/players/de5b5570/Marvelous-Nakamba,Aston Villa
Jefferson Lerma,/en/players/9b5ce51a/Jefferson-Lerma,Bournemouth
Adam Smith,/en/players/20b104bc/Adam-Smith,Bournemouth
Marcus Tavernier,/en/players/5c0da4a4/Marcus-Tavernier,Bournemouth
Chris Mepham,/en/players/fed96827/Chris-Mepham,Bournemouth
Lewis Cook,/en/players/2afc7272/Lewis-Cook,Bournemouth
Philip Billing,/en/players/d328a254/Philip-Billing,Bournemouth
Dominic Solanke,/en/players/e77dc3b2/Dominic-Solanke,Bournemouth
Marcos Senesi,/en/players/35141f4c/Marcos-Senesi,Bournemouth
Jordan Zemura,/en/players/e8271ad9/Jordan-Zemura,Bournemouth
Ryan Christie,/en/players/26ce2263/Ryan-Christie,Bournemouth
Kieffer Moore,/en/players/01ce9e70/Kieffer-Moore,Bournemouth
Neto,/en/players/a9dc785c/Neto,Bournemouth
Mark Travers,/en/players/fe558029/Mark-Travers,Bournemouth
Ryan Fredericks,/en/players/c067631c/Ryan-Fredericks,Bournemouth
Lloyd Kelly,/en/players/f31def1e/Lloyd-Kelly,Bournemouth
Ben Pearson,/en/players/a6b461e7/Ben-Pearson,Bournemouth
Jaidon Anthony,/en/players/e4238fb1/Jaidon-Anthony,Bournemouth
Jack Stacey,/en/players/558807c0/Jack-Stacey,Bournemouth
Jack Stephens,/en/players/6adbc307/Jack-Stephens,Bournemouth
Junior Stanislas,/en/players/6992791d/Junior-Stanislas,Bournemouth
Joe Rothwell,/en/players/10a10454/Joe-Rothwell,Bournemouth
Owen Bevan,/en/players/87966294/Owen-Bevan,Bournemouth
Emiliano Marcondes,/en/players/4d960fc3/Emiliano-Marcondes,Bournemouth
Siriki Dembélé,/en/players/11f54bd5/Siriki-Dembele,Bournemouth
Jamal Lowe,/en/players/b2856bc0/Jamal-Lowe,Bournemouth
Will Dennis,/en/players/d8edc4be/Will-Dennis,Bournemouth
James Hill,/en/players/69942fb3/James-Hill,Bournemouth
Cameron Plain,/en/players/8c45f10e/Cameron-Plain,Bournemouth
Christian Saydee,/en/players/af102dc3/Christian-Saydee,Bournemouth
David Raya,/en/players/98ea5115/David-Raya,Brentford
Rico Henry,/en/players/8a3c1dc7/Rico-Henry,Brentford
Mathias Jensen,/en/players/0f134faf/Mathias-Jensen,Brentford
Bryan Mbeumo,/en/players/6afaebf2/Bryan-Mbeumo,Brentford
Ivan Toney,/en/players/e09f279b/Ivan-Toney,Brentford
Ben Mee,/en/players/8df7a2fb/Ben-Mee,Brentford
Vitaly Janelt,/en/players/8449d35e/Vitaly-Janelt,Brentford
Aaron Hickey,/en/players/1780bb4a/Aaron-Hickey,Brentford
Josh Dasilva,/en/players/60344e4f/Josh-Dasilva,Brentford
Ethan Pinnock,/en/players/e541326e/Ethan-Pinnock,Brentford
Yoane Wissa,/en/players/2500cef9/Yoane-Wissa,Brentford
Pontus Jansson,/en/players/172e52d8/Pontus-Jansson,Brentford
Kristoffer Ajer,/en/players/a8c0acb7/Kristoffer-Ajer,Brentford
Mathias Jørgensen,/en/players/0db5d2c8/Mathias-Jorgensen,Brentford
Mads Roerslev,/en/players/57c94db2/Mads-Roerslev,Brentford
Frank Onyeka,/en/players/2944f86f/Frank-Onyeka,Brentford
Shandon Baptiste,/en/players/2886c9b5/Shandon-Baptiste,Brentford
Christian Nørgaard,/en/players/df0a4c90/Christian-Norgaard,Brentford
Keane Lewis-Potter,/en/players/41f08ac8/Keane-Lewis-Potter,Brentford
Mikkel Damsgaard,/en/players/215f3907/Mikkel-Damsgaard,Brentford
Sergi Canós,/en/players/1137759d/Sergi-Canos,Brentford
Saman Ghoddos,/en/players/f7b1d4e0/Saman-Ghoddos,Brentford
Mads Bech Sørensen,/en/players/30db8574/Mads-Bech-Sorensen,Brentford
Halil Dervişoğlu,/en/players/9d8cf204/Halil-Dervisoglu,Brentford
Matthew Cox,/en/players/fea06849/Matthew-Cox,Brentford
Tristan Crama,/en/players/130e085a/Tristan-Crama,Brentford
Finley Stevens,/en/players/7e003182/Finley-Stevens,Brentford
Thomas Strakosha,/en/players/339fe0e8/Thomas-Strakosha,Brentford
Ryan Trevitt,/en/players/732327ae/Ryan-Trevitt,Brentford
Yehor Yarmoliuk,/en/players/907a5d7c/Yehor-Yarmoliuk,Brentford
Lewis Dunk,/en/players/282f75f3/Lewis-Dunk,Brighton
Robert Sánchez,/en/players/6a713852/Robert-Sanchez,Brighton
Alexis Mac Allister,/en/players/83d074ff/Alexis-Mac-Allister,Brighton
Moisés Caicedo,/en/players/16264a81/Moises-Caicedo,Brighton
Solly March,/en/players/bb5fbd2b/Solly-March,Brighton
Pascal Groß,/en/players/8aec0537/Pascal-Gross,Brighton
Leandro Trossard,/en/players/38ceb24a/Leandro-Trossard,Brighton
Adam Webster,/en/players/c40b6180/Adam-Webster,Brighton
Danny Welbeck,/en/players/ce5143da/Danny-Welbeck,Brighton
Joël Veltman,/en/players/dad4b285/Joel-Veltman,Brighton
Pervis Estupiñán,/en/players/d38fdf53/Pervis-Estupinan,Brighton
Adam Lallana,/en/players/99813635/Adam-Lallana,Brighton
Kaoru Mitoma,/en/players/74618572/Kaoru-Mitoma,Brighton
Enock Mwepu,/en/players/1d5cab82/Enock-Mwepu,Brighton
Levi Colwill,/en/players/700783e7/Levi-Colwill,Brighton
Tariq Lamptey,/en/players/f4e433d4/Tariq-Lamptey,Brighton
Deniz Undav,/en/players/dd549382/Deniz-Undav,Brighton
Julio César Enciso,/en/players/9cfbad36/Julio-Cesar-Enciso,Brighton
Billy Gilmour,/en/players/df10e27c/Billy-Gilmour,Brighton
Jeremy Sarmiento,/en/players/ac0d576d/Jeremy-Sarmiento,Brighton
Jan Paul van Hecke,/en/players/4fd08daa/Jan-Paul-van-Hecke,Brighton
Steven Alzate,/en/players/ad1f61f3/Steven-Alzate,Brighton
Evan Ferguson,/en/players/4596da74/Evan-Ferguson,Brighton
James Furlong,/en/players/ab18d1b0/James-Furlong,Brighton
Neal Maupay,/en/players/4bcf39f6/Neal-Maupay,Brighton
Andrew Moran,/en/players/c4720845/Andrew-Moran,Brighton
Jason Steele,/en/players/28300a16/Jason-Steele,Brighton
Ed Turns,/en/players/9bbef03e/Ed-Turns,Brighton
Mason Mount,/en/players/9674002f/Mason-Mount,Chelsea
Ruben Loftus-Cheek,/en/players/e97fd090/Ruben-Loftus-Cheek,Chelsea
Thiago Silva,/en/players/86e7deaf/Thiago-Silva,Chelsea
Raheem Sterling,/en/players/b400bde0/Raheem-Sterling,Chelsea
Jorginho,/en/players/45db685d/Jorginho,Chelsea
Kai Havertz,/en/players/fed7cb61/Kai-Havertz,Chelsea
Marc Cucurella,/en/players/1daec722/Marc-Cucurella,Chelsea
Edouard Mendy,/en/players/33887998/Edouard-Mendy,Chelsea
Kalidou Koulibaly,/en/players/da974c7b/Kalidou-Koulibaly,Chelsea
Trevoh Chalobah,/en/players/5515376c/Trevoh-Chalobah,Chelsea
César Azpilicueta,/en/players/53cad200/Cesar-Azpilicueta,Chelsea
Conor Gallagher,/en/players/c2731c10/Conor-Gallagher,Chelsea
Reece James,/en/players/1265a93a/Reece-James,Chelsea
Kepa Arrizabalaga,/en/players/28d596a0/Kepa-Arrizabalaga,Chelsea
Mateo Kovačić,/en/players/79c0821a/Mateo-Kovacic,Chelsea
Ben Chilwell,/en/players/d2424d1b/Ben-Chilwell,Chelsea
Pierre-Emerick Aubameyang,/en/players/d5dd5f1f/Pierre-Emerick-Aubameyang,Chelsea
Christian Pulisic,/en/players/1bf33a9a/Christian-Pulisic,Chelsea
Armando Broja,/en/players/97220da2/Armando-Broja,Chelsea
Wesley Fofana,/en/players/132a82f1/Wesley-Fofana,Chelsea
N'Golo Kanté,/en/players/b9fbae28/NGolo-Kante,Chelsea
Hakim Ziyech,/en/players/6622454d/Hakim-Ziyech,Chelsea
Lewis Hall,/en/players/da011f18/Lewis-Hall,Chelsea
Carney Chukwuemeka,/en/players/b2f9c73e/Carney-Chukwuemeka,Chelsea
Ethan Ampadu,/en/players/10b9fa99/Ethan-Ampadu,Chelsea
Marcus Bettinelli,/en/players/0d85a4e8/Marcus-Bettinelli,Chelsea
Billy Gilmour,/en/players/df10e27c/Billy-Gilmour,Chelsea
Callum Hudson-Odoi,/en/players/15f3ec41/Callum-Hudson-Odoi,Chelsea
Omari Hutchinson,/en/players/bd9553e6/Omari-Hutchinson,Chelsea
Harvey Vale,/en/players/a70182a5/Harvey-Vale,Chelsea
Denis Zakaria,/en/players/384d58d9/Denis-Zakaria,Chelsea
Vicente Guaita,/en/players/ab13a5aa/Vicente-Guaita,Crystal Palace
Marc Guéhi,/en/players/d0706b27/Marc-Guehi,Crystal Palace
Eberechi Eze,/en/players/ae4fc6a4/Eberechi-Eze,Crystal Palace
Joachim Andersen,/en/players/e34fc66d/Joachim-Andersen,Crystal Palace
Wilfried Zaha,/en/players/b2bc3b1f/Wilfried-Zaha,Crystal Palace
Jeffrey Schlupp,/en/players/3312f911/Jeffrey-Schlupp,Crystal Palace
Tyrick Mitchell,/en/players/5cbd1eb0/Tyrick-Mitchell,Crystal Palace
Cheick Doucouré,/en/players/ce4f40c7/Cheick-Doucoure,Crystal Palace
Joel Ward,/en/players/8a7ff278/Joel-Ward,Crystal Palace
Jordan Ayew,/en/players/da052c14/Jordan-Ayew,Crystal Palace
Odsonne Édouard,/en/players/0562b7f1/Odsonne-Edouard,Crystal Palace
Michael Olise,/en/players/c4486bac/Michael-Olise,Crystal Palace
Nathaniel Clyne,/en/players/0442183b/Nathaniel-Clyne,Crystal Palace
Jean-Philippe Mateta,/en/players/50e6dc35/Jean-Philippe-Mateta,Crystal Palace
Luka Milivojević,/en/players/2ce2508a/Luka-Milivojevic,Crystal Palace
Will Hughes,/en/players/a0666d3e/Will-Hughes,Crystal Palace
James Tomkins,/en/players/e7ca0439/James-Tomkins,Crystal Palace
Chris Richards,/en/players/0a3d6d2b/Chris-Richards,Crystal Palace
Jaïro Riedewald,/en/players/7a1f2c08/Jairo-Riedewald,Crystal Palace
Malcolm Ebiowei,/en/players/fa9fa773/Malcolm-Ebiowei,Crystal Palace
Kofi Balmer,/en/players/0284bd0d/Kofi-Balmer,Crystal Palace
Owen Goodman,/en/players/8074e66f/Owen-Goodman,Crystal Palace
John-Kymani Gordon,/en/players/d7e24aa1/John-Kymani-Gordon,Crystal Palace
Sam Johnstone,/en/players/9e5708be/Sam-Johnstone,Crystal Palace
Killian Phillips,/en/players/cfa9f361/Killian-Phillips,Crystal Palace
Luke Plange,/en/players/2140e999/Luke-Plange,Crystal Palace
Kaden Rodney,/en/players/49375cdd/Kaden-Rodney,Crystal Palace
Jack Wells-Morrison,/en/players/a71ebcc8/Jack-Wells-Morrison,Crystal Palace
Joseph Whitworth,/en/players/3f847d95/Joseph-Whitworth,Crystal Palace
James Tarkowski,/en/players/15ea812b/James-Tarkowski,Everton
Alex Iwobi,/en/players/6ca5ec4b/Alex-Iwobi,Everton
Demarai Gray,/en/players/4468ec10/Demarai-Gray,Everton
Vitaliy Mykolenko,/en/players/30d4a2e5/Vitaliy-Mykolenko,Everton
Jordan Pickford,/en/players/4806ec67/Jordan-Pickford,Everton
Conor Coady,/en/players/2928dca2/Conor-Coady,Everton
Amadou Onana,/en/players/828657ff/Amadou-Onana,Everton
Anthony Gordon,/en/players/2bd83368/Anthony-Gordon,Everton
Idrissa Gana Gueye,/en/players/72c812f3/Idrissa-Gana-Gueye,Everton
Nathan Patterson,/en/players/230f0471/Nathan-Patterson,Everton
Dwight McNeil,/en/players/fc15fb84/Dwight-McNeil,Everton
Séamus Coleman,/en/players/0420d84f/Seamus-Coleman,Everton
Neal Maupay,/en/players/4bcf39f6/Neal-Maupay,Everton
Dominic Calvert-Lewin,/en/players/59e6e5bf/Dominic-Calvert-Lewin,Everton
Mason Holgate,/en/players/d0042ab9/Mason-Holgate,Everton
Tom Davies,/en/players/9228b07c/Tom-Davies,Everton
Abdoulaye Doucouré,/en/players/02b29014/Abdoulaye-Doucoure,Everton
Salomón Rondón,/en/players/b318a643/Salomon-Rondon,Everton
Asmir Begović,/en/players/7b4de647/Asmir-Begovic,Everton
Yerry Mina,/en/players/6d5701f2/Yerry-Mina,Everton
Ben Godfrey,/en/players/9f7c837d/Ben-Godfrey,Everton
James Garner,/en/players/4e015693/James-Garner,Everton
Dele Alli,/en/players/cea4ee8f/Dele-Alli,Everton
Rúben Vinagre,/en/players/b937e490/Ruben-Vinagre,Everton
Michael Keane,/en/players/c5b7c315/Michael-Keane,Everton
Thomas Cannon,/en/players/4506aec5/Thomas-Cannon,Everton
Kyle Alex John,/en/players/c9093a1a/Kyle-Alex-John,Everton
Allan,/en/players/cc700722/Allan,Everton
Jean-Philippe Gbamin,/en/players/6bd603db/Jean-Philippe-Gbamin,Everton
André Gomes,/en/players/1961b2aa/Andre-Gomes,Everton
Eldin Jakupović,/en/players/1148323a/Eldin-Jakupovic,Everton
Stanley Mills,/en/players/c0a454d5/Stanley-Mills,Everton
Lewis Warrington,/en/players/8e633970/Lewis-Warrington,Everton
Reece Welch,/en/players/a182122b/Reece-Welch,Everton
Tim Ream,/en/players/28b40c9c/Tim-Ream,Fulham
Andreas Pereira,/en/players/6639e500/Andreas-Pereira,Fulham
João Palhinha,/en/players/a78ff07f/Joao-Palhinha,Fulham
Bobby Reid,/en/players/0f7533cd/Bobby-Reid,Fulham
Harrison Reed,/en/players/803ae100/Harrison-Reed,Fulham
Bernd Leno,/en/players/2628fd2b/Bernd-Leno,Fulham
Antonee Robinson,/en/players/289601e6/Antonee-Robinson,Fulham
Aleksandar Mitrović,/en/players/3925dbd6/Aleksandar-Mitrovic,Fulham
Tosin Adarabioyo,/en/players/c81d773d/Tosin-Adarabioyo,Fulham
Neeskens Kebano,/en/players/18b999f4/Neeskens-Kebano,Fulham
Kenny Tete,/en/players/77d7c96f/Kenny-Tete,Fulham
Issa Diop,/en/players/a712ca2b/Issa-Diop,Fulham
Willian,/en/players/8b9ebd03/Willian,Fulham
Carlos Vinícius,/en/players/8b529245/Carlos-Vinicius,Fulham
Daniel James,/en/players/c931d9f9/Daniel-James,Fulham
Harry Wilson,/en/players/c6dc9ecd/Harry-Wilson,Fulham
Marek Rodák,/en/players/17acc2ed/Marek-Rodak,Fulham
Tom Cairney,/en/players/a8748947/Tom-Cairney,Fulham
Kevin Mbabu,/en/players/493924a7/Kevin-Mbabu,Fulham
Jay Stansfield,/en/players/b2626673/Jay-Stansfield,Fulham
Layvin Kurzawa,/en/players/41e7ef1c/Layvin-Kurzawa,Fulham
Nathaniel Chalobah,/en/players/422862ea/Nathaniel-Chalobah,Fulham
Manor Solomon,/en/players/886f9aac/Manor-Solomon,Fulham
Josh Onomah,/en/players/6612cd8c/Josh-Onomah,Fulham
Luke Harris,/en/players/8c3078cd/Luke-Harris,Fulham
Shane Duffy,/en/players/7314bba4/Shane-Duffy,Fulham
Tyrese Francois,/en/players/6722d4f0/Tyrese-Francois,Fulham
Terry Ablade,/en/players/d524dcd7/Terry-Ablade,Fulham
Martial Godo,/en/players/e0eea46f/Martial-Godo,Fulham
Rodrigo Muniz,/en/players/a755db8c/Rodrigo-Muniz,Fulham
Stefan Parkes,/en/players/66b290f7/Stefan-Parkes,Fulham
Kristian Sekularac,/en/players/e20a28ce/Kristian-Sekularac,Fulham
Illan Meslier,/en/players/6b625ac2/Illan-Meslier,Leeds United
Robin Koch,/en/players/ea6bc03a/Robin-Koch,Leeds United
Brenden Aaronson,/en/players/5bc43860/Brenden-Aaronson,Leeds United
Marc Roca,/en/players/da27e268/Marc-Roca,Leeds United
Tyler Adams,/en/players/2b09d998/Tyler-Adams,Leeds United
Pascal Struijk,/en/players/f4d296e4/Pascal-Struijk,Leeds United
Rasmus Nissen,/en/players/39769cff/Rasmus-Nissen,Leeds United
Jack Harrison,/en/players/aa849a12/Jack-Harrison,Leeds United
Rodrigo,/en/players/1fb1c435/Rodrigo,Leeds United
Liam Cooper,/en/players/dc64b8b3/Liam-Cooper,Leeds United
Diego Llorente,/en/players/bba30585/Diego-Llorente,Leeds United
Luis Sinisterra,/en/players/8e16dd48/Luis-Sinisterra,Leeds United
Crysencio Summerville,/en/players/df04eb4b/Crysencio-Summerville,Leeds United
Patrick Bamford,/en/players/93feac6e/Patrick-Bamford,Leeds United
Daniel James,/en/players/c931d9f9/Daniel-James,Leeds United
Sam Greenwood,/en/players/f3354c07/Sam-Greenwood,Leeds United
Joe Gelhardt,/en/players/01962d0d/Joe-Gelhardt,Leeds United
Luke Ayling,/en/players/420d7c7d/Luke-Ayling,Leeds United
Junior Firpo,/en/players/24f59bb2/Junior-Firpo,Leeds United
Degnand Gnonto,/en/players/75fdd638/Degnand-Gnonto,Leeds United
Cody Drameh,/en/players/e0d1510a/Cody-Drameh,Leeds United
Mateusz Klich,/en/players/282679b4/Mateusz-Klich,Leeds United
Adam Forshaw,/en/players/9f1938ab/Adam-Forshaw,Leeds United
Mateo Fernández,/en/players/6ad43f9a/Mateo-Fernandez,Leeds United
Leo Fuhr Hjelde,/en/players/d102b8a2/Leo-Fuhr-Hjelde,Leeds United
Archie Gray,/en/players/f58515f5/Archie-Gray,Leeds United
Darko Gyabi,/en/players/56d838f7/Darko-Gyabi,Leeds United
Kristoffer Klaesson,/en/players/3f70db80/Kristoffer-Klaesson,Leeds United
Sonny Perkins,/en/players/87f12e30/Sonny-Perkins,Leeds United
Joel Robles,/en/players/cda0b317/Joel-Robles,Leeds United
Danny Ward,/en/players/d3ce0e89/Danny-Ward,Leicester City
James Justin,/en/players/fb614c44/James-Justin,Leicester City
Youri Tielemans,/en/players/56f7a928/Youri-Tielemans,Leicester City
Kiernan Dewsbury-Hall,/en/players/5c74c0f5/Kiernan-Dewsbury-Hall,Leicester City
Timothy Castagne,/en/players/197640fd/Timothy-Castagne,Leicester City
James Maddison,/en/players/ee38d9c5/James-Maddison,Leicester City
Harvey Barnes,/en/players/3ea50f67/Harvey-Barnes,Leicester City
Daniel Amartey,/en/players/1a4ef233/Daniel-Amartey,Leicester City
Jonny Evans,/en/players/f8fcd2a5/Jonny-Evans,Leicester City
Wout Faes,/en/players/9c221d14/Wout-Faes,Leicester City
Boubakary Soumaré,/en/players/ae59b359/Boubakary-Soumare,Leicester City
Jamie Vardy,/en/players/45963054/Jamie-Vardy,Leicester City
Patson Daka,/en/players/ca45605e/Patson-Daka,Leicester City
Wilfred Ndidi,/en/players/6b47c5db/Wilfred-Ndidi,Leicester City
Luke Thomas,/en/players/fc027d02/Luke-Thomas,Leicester City
Dennis Praet,/en/players/86695068/Dennis-Praet,Leicester City
Wesley Fofana,/en/players/132a82f1/Wesley-Fofana,Leicester City
Kelechi Iheanacho,/en/players/c92e1a31/Kelechi-Iheanacho,Leicester City
Ayoze Pérez,/en/players/819aa8e7/Ayoze-Perez,Leicester City
Çağlar Söyüncü,/en/players/21166ff4/Caglar-Soyuncu,Leicester City
Nampalys Mendy,/en/players/1598599e/Nampalys-Mendy,Leicester City
Marc Albrighton,/en/players/b827d5b3/Marc-Albrighton,Leicester City
Sammy Braybroke,/en/players/eb1600f9/Sammy-Braybroke,Leicester City
Samuel Braybrooke,/en/players/9f684e25/Samuel-Braybrooke,Leicester City
Lewis Brunt,/en/players/a2081c6b/Lewis-Brunt,Leicester City
Daniel Iversen,/en/players/10d221cd/Daniel-Iversen,Leicester City
Jannik Vestergaard,/en/players/1900032e/Jannik-Vestergaard,Leicester City
Joe Wormleighton,/en/players/59d2e6bb/Joe-Wormleighton,Leicester City
Alisson,/en/players/7a2e46a8/Alisson,Liverpool
Virgil van Dijk,/en/players/e06683ca/Virgil-van-Dijk,Liverpool
Mohamed Salah,/en/players/e342ad68/Mohamed-Salah,Liverpool
Trent Alexander-Arnold,/en/players/cd1acf9d/Trent-Alexander-Arnold,Liverpool
Fabinho,/en/players/7f3b388c/Fabinho,Liverpool
Roberto Firmino,/en/players/4c370d81/Roberto-Firmino,Liverpool
Andrew Robertson,/en/players/2e4f5f03/Andrew-Robertson,Liverpool
Harvey Elliott,/en/players/c8387671/Harvey-Elliott,Liverpool
Joe Gomez,/en/players/7a11550b/Joe-Gomez,Liverpool
Thiago Alcántara,/en/players/77e84962/Thiago-Alcantara,Liverpool
Jordan Henderson,/en/players/935e6b8f/Jordan-Henderson,Liverpool
Luis Díaz,/en/players/4a1a9578/Luis-Diaz,Liverpool
Darwin Núñez,/en/players/4d77b365/Darwin-Nunez,Liverpool
James Milner,/en/players/2f90f6b8/James-Milner,Liverpool
Kostas Tsimikas,/en/players/f315ca93/Kostas-Tsimikas,Liverpool
Fabio Carvalho,/en/players/966e28d0/Fabio-Carvalho,Liverpool
Joël Matip,/en/players/b217ef29/Joel-Matip,Liverpool
Diogo Jota,/en/players/178ae8f8/Diogo-Jota,Liverpool
Curtis Jones,/en/players/4fb9c88f/Curtis-Jones,Liverpool
Ibrahima Konaté,/en/players/5ed9b537/Ibrahima-Konate,Liverpool
Nathaniel Phillips,/en/players/515ebe8d/Nathaniel-Phillips,Liverpool
Alex Oxlade-Chamberlain,/en/players/38c7feef/Alex-Oxlade-Chamberlain,Liverpool
Stefan Bajcetic,/en/players/32e8417f/Stefan-Bajcetic,Liverpool
Bobby Clark,/en/players/73341ace/Bobby-Clark,Liverpool
Adrián,/en/players/f76e6b4e/Adrian,Liverpool
Luke Chambers,/en/players/7d6af698/Luke-Chambers,Liverpool
Harvey Davies,/en/players/fd08a24b/Harvey-Davies,Liverpool
Sepp van den Berg,/en/players/7bf9400b/Sepp-van-den-Berg,Liverpool
Ben Doak,/en/players/733f1a7d/Ben-Doak,Liverpool
Naby Keïta,/en/players/f25c8e3a/Naby-Keita,Liverpool
Caoimhín Kelleher,/en/players/62d7ef38/Caoimhin-Kelleher,Liverpool
Arthur Melo,/en/players/48b3dd60/Arthur-Melo,Liverpool
Calvin Ramsay,/en/players/d720e834/Calvin-Ramsay,Liverpool
Ederson,/en/players/3bb7b8b4/Ederson,Manchester City
João Cancelo,/en/players/bd6351cd/Joao-Cancelo,Manchester City
Kevin De Bruyne,/en/players/e46012d4/Kevin-De-Bruyne,Manchester City
Rodri,/en/players/6434f10d/Rodri,Manchester City
Bernardo Silva,/en/players/3eb22ec9/Bernardo-Silva,Manchester City
Erling Haaland,/en/players/1f44ac21/Erling-Haaland,Manchester City
Phil Foden,/en/players/ed1e53f3/Phil-Foden,Manchester City
İlkay Gündoğan,/en/players/819b3158/Ilkay-Gundogan,Manchester City
Rúben Dias,/en/players/31c69ef1/Ruben-Dias,Manchester City
John Stones,/en/players/5eecec3d/John-Stones,Manchester City
Manuel Akanji,/en/players/89ac64a6/Manuel-Akanji,Manchester City
Nathan Aké,/en/players/eaeca114/Nathan-Ake,Manchester City
Kyle Walker,/en/players/86dd77d1/Kyle-Walker,Manchester City
Jack Grealish,/en/players/b0b4fd3e/Jack-Grealish,Manchester City
Riyad Mahrez,/en/players/892d5bb1/Riyad-Mahrez,Manchester City
Julián Álvarez,/en/players/15ab5a2b/Julian-Alvarez,Manchester City
Aymeric Laporte,/en/players/119b9a8e/Aymeric-Laporte,Manchester City
Sergio Gómez,/en/players/01e5f06e/Sergio-Gomez,Manchester City
Cole Palmer,/en/players/dc7f8a28/Cole-Palmer,Manchester City
Rico Lewis,/en/players/b57e066e/Rico-Lewis,Manchester City
Kalvin Phillips,/en/players/4f565d77/Kalvin-Phillips,Manchester City
Scott Carson,/en/players/3e1550ee/Scott-Carson,Manchester City
Liam Delap,/en/players/dd897ee7/Liam-Delap,Manchester City
Claudio Gomes,/en/players/22f6ed2c/Claudio-Gomes,Manchester City
Ben Knight,/en/players/190163f3/Ben-Knight,Manchester City
Luke Mbete-Tatu,/en/players/387e1d35/Luke-Mbete-Tatu,Manchester City
Stefan Ortega,/en/players/c1242d4e/Stefan-Ortega,Manchester City
Josh Wilson-Esbrand,/en/players/c19a2df1/Josh-Wilson-Esbrand,Manchester City
David de Gea,/en/players/7ba6d84e/David-de-Gea,Manchester Utd
Lisandro Martínez,/en/players/bac46a10/Lisandro-Martinez,Manchester Utd
Bruno Fernandes,/en/players/507c7bdf/Bruno-Fernandes,Manchester Utd
Diogo Dalot,/en/players/d9565625/Diogo-Dalot,Manchester Utd
Marcus Rashford,/en/players/a1d5bd30/Marcus-Rashford,Manchester Utd
Christian Eriksen,/en/players/980522ec/Christian-Eriksen,Manchester Utd
Jadon Sancho,/en/players/dbf053da/Jadon-Sancho,Manchester Utd
Luke Shaw,/en/players/9c94165b/Luke-Shaw,Manchester Utd
Raphaël Varane,/en/players/9f8e9423/Raphael-Varane,Manchester Utd
Casemiro,/en/players/4d224fe8/Casemiro,Manchester Utd
Scott McTominay,/en/players/d93c2511/Scott-McTominay,Manchester Utd
Tyrell Malacia,/en/players/6b6c793c/Tyrell-Malacia,Manchester Utd
Antony,/en/players/99127249/Antony,Manchester Utd
Anthony Elanga,/en/players/2fba6108/Anthony-Elanga,Manchester Utd
Cristiano Ronaldo,/en/players/dea698d9/Cristiano-Ronaldo,Manchester Utd
Fred,/en/players/b853e0ad/Fred,Manchester Utd
Victor Lindelöf,/en/players/f5deef4c/Victor-Lindelof,Manchester Utd
Harry Maguire,/en/players/d8931174/Harry-Maguire,Manchester Utd
Anthony Martial,/en/players/8b788c01/Anthony-Martial,Manchester Utd
Donny van de Beek,/en/players/50dc94ce/Donny-van-de-Beek,Manchester Utd
Alejandro Garnacho,/en/players/7aa8adfe/Alejandro-Garnacho,Manchester Utd
Aaron Wan-Bissaka,/en/players/9e525177/Aaron-Wan-Bissaka,Manchester Utd
Nathan Bishop,/en/players/bf713136/Nathan-Bishop,Manchester Utd
Martin Dúbravka,/en/players/3a949a25/Martin-Dubravka,Manchester Utd
James Garner,/en/players/4e015693/James-Garner,Manchester Utd
Tom Heaton,/en/players/a6de6361/Tom-Heaton,Manchester Utd
Zidane Iqbal,/en/players/6fa3c28e/Zidane-Iqbal,Manchester Utd
Matej Kovar,/en/players/bc67a0e1/Matej-Kovar,Manchester Utd
Kobbie Mainoo,/en/players/c6220452/Kobbie-Mainoo,Manchester Utd
Facundo Pellistri,/en/players/ac7e7b1c/Facundo-Pellistri,Manchester Utd
Shola Shoretire,/en/players/00f0482f/Shola-Shoretire,Manchester Utd
Nick Pope,/en/players/4b40d9ca/Nick-Pope,Newcastle Utd
Kieran Trippier,/en/players/21512407/Kieran-Trippier,Newcastle Utd
Miguel Almirón,/en/players/862a1c15/Miguel-Almiron,Newcastle Utd
Fabian Schär,/en/players/c8aa95da/Fabian-Schar,Newcastle Utd
Dan Burn,/en/players/b2d31e83/Dan-Burn,Newcastle Utd
Joe Willock,/en/players/a3b03921/Joe-Willock,Newcastle Utd
Joelinton,/en/players/c17bfb65/Joelinton,Newcastle Utd
Sven Botman,/en/players/ccce7025/Sven-Botman,Newcastle Utd
Bruno Guimarães,/en/players/82518f62/Bruno-Guimaraes,Newcastle Utd
Sean Longstaff,/en/players/a2b105e0/Sean-Longstaff,Newcastle Utd
Callum Wilson,/en/players/c596fcb0/Callum-Wilson,Newcastle Utd
Jacob Murphy,/en/players/de112b84/Jacob-Murphy,Newcastle Utd
Matt Targett,/en/players/e514ab62/Matt-Targett,Newcastle Utd
Allan Saint-Maximin,/en/players/2b16cb1a/Allan-Saint-Maximin,Newcastle Utd
Ryan Fraser,/en/players/d56543a0/Ryan-Fraser,Newcastle Utd
Alexander Isak,/en/players/8e92be30/Alexander-Isak,Newcastle Utd
Chris Wood,/en/players/4e9a0555/Chris-Wood,Newcastle Utd
Jamaal Lascelles,/en/players/450ab6fc/Jamaal-Lascelles,Newcastle Utd
Elliot Anderson,/en/players/de31038e/Elliot-Anderson,Newcastle Utd
Jonjo Shelvey,/en/players/3727dd3c/Jonjo-Shelvey,Newcastle Utd
Javier Manquillo,/en/players/758dd7f0/Javier-Manquillo,Newcastle Utd
Jamal Lewis,/en/players/efb9215a/Jamal-Lewis,Newcastle Utd
Emil Krafth,/en/players/77cf6852/Emil-Krafth,Newcastle Utd
Matt Ritchie,/en/players/71ef519e/Matt-Ritchie,Newcastle Utd
Karl Darlow,/en/players/cde3309f/Karl-Darlow,Newcastle Utd
Martin Dúbravka,/en/players/3a949a25/Martin-Dubravka,Newcastle Utd
Paul Dummett,/en/players/3fe6bd8c/Paul-Dummett,Newcastle Utd
Loris Karius,/en/players/32e7ce92/Loris-Karius,Newcastle Utd
Dean Henderson,/en/players/e5a76dfe/Dean-Henderson,Nott'ham Forest
Scott McKenna,/en/players/4e5a4cbc/Scott-McKenna,Nott'ham Forest
Brennan Johnson,/en/players/0cd31129/Brennan-Johnson,Nott'ham Forest
Neco Williams,/en/players/dd323728/Neco-Williams,Nott'ham Forest
Morgan Gibbs-White,/en/players/32f60ed8/Morgan-Gibbs-White,Nott'ham Forest
Ryan Yates,/en/players/c1fe2a48/Ryan-Yates,Nott'ham Forest
Steve Cook,/en/players/3e5e4e63/Steve-Cook,Nott'ham Forest
Jesse Lingard,/en/players/810e3c74/Jesse-Lingard,Nott'ham Forest
Remo Freuler,/en/players/98d2c2c4/Remo-Freuler,Nott'ham Forest
Cheikhou Kouyaté,/en/players/8d3c902d/Cheikhou-Kouyate,Nott'ham Forest
Joe Worrall,/en/players/a5212312/Joe-Worrall,Nott'ham Forest
Harry Toffolo,/en/players/a105d46a/Harry-Toffolo,Nott'ham Forest
Serge Aurier,/en/players/5c2b4f07/Serge-Aurier,Nott'ham Forest
Lewis O'Brien,/en/players/089667a5/Lewis-OBrien,Nott'ham Forest
Taiwo Awoniyi,/en/players/e5478b87/Taiwo-Awoniyi,Nott'ham Forest
Renan Lodi,/en/players/ed9f7cfe/Renan-Lodi,Nott'ham Forest
Emmanuel Dennis,/en/players/2c44a35d/Emmanuel-Dennis,Nott'ham Forest
Orel Mangala,/en/players/a572e291/Orel-Mangala,Nott'ham Forest
Moussa Niakhate,/en/players/00242715/Moussa-Niakhate,Nott'ham Forest
Willy Boly,/en/players/a4ac4b8f/Willy-Boly,Nott'ham Forest
Jack Colback,/en/players/963a9201/Jack-Colback,Nott'ham Forest
Sam Surridge,/en/players/b017b770/Sam-Surridge,Nott'ham Forest
Giulian Biancone,/en/players/de40e38c/Giulian-Biancone,Nott'ham Forest
Alexander Mighten,/en/players/10ec4169/Alexander-Mighten,Nott'ham Forest
Cafú,/en/players/85322440/Cafu,Nott'ham Forest
Loïc Bade,/en/players/114bbdee/Loic-Bade,Nott'ham Forest
Oliver Hammond,/en/players/3766178e/Oliver-Hammond,Nott'ham Forest
Wayne Hennessey,/en/players/76eca7e2/Wayne-Hennessey,Nott'ham Forest
Loïc Mbe Soh,/en/players/8f534f8e/Loic-Mbe-Soh,Nott'ham Forest
Dale Taylor,/en/players/d5094280/Dale-Taylor,Nott'ham Forest
Lyle Taylor,/en/players/3e80e04e/Lyle-Taylor,Nott'ham Forest
Gavin Bazunu,/en/players/c91441dc/Gavin-Bazunu,Southampton
James Ward-Prowse,/en/players/3515d404/James-Ward-Prowse,Southampton
Mohammed Salisu,/en/players/0b33f6ad/Mohammed-Salisu,Southampton
Che Adams,/en/players/f2bf1b0f/Che-Adams,Southampton
Mohamed Elyounoussi,/en/players/68dc0dac/Mohamed-Elyounoussi,Southampton
Kyle Walker-Peters,/en/players/984a5a64/Kyle-Walker-Peters,Southampton
Armel Bella Kotchap,/en/players/a39d11bc/Armel-Bella-Kotchap,Southampton
Adam Armstrong,/en/players/68c720b5/Adam-Armstrong,Southampton
Joe Aribo,/en/players/328f7d51/Joe-Aribo,Southampton
Romain Perraud,/en/players/6dfd8f05/Romain-Perraud,Southampton
Stuart Armstrong,/en/players/97333cf5/Stuart-Armstrong,Southampton
Roméo Lavia,/en/players/ecad9aa5/Romeo-Lavia,Southampton
Ibrahima Diallo,/en/players/11ff3d56/Ibrahima-Diallo,Southampton
Moussa Djenepo,/en/players/254147d4/Moussa-Djenepo,Southampton
Duje Ćaleta-Car,/en/players/94f8d10c/Duje-Caleta-Car,Southampton
Ainsley Maitland-Niles,/en/players/e3a5814e/Ainsley-Maitland-Niles,Southampton
Lyanco,/en/players/b5bf1770/Lyanco,Southampton
Sekou Mara,/en/players/3544641e/Sekou-Mara,Southampton
Jan Bednarek,/en/players/4115ce4e/Jan-Bednarek,Southampton
Juan Larios,/en/players/cf7fb13a/Juan-Larios,Southampton
Theo Walcott,/en/players/1ecb65be/Theo-Walcott,Southampton
Oriol Romeu,/en/players/4b511457/Oriol-Romeu,Southampton
Yan Valery,/en/players/531a4aa8/Yan-Valery,Southampton
Samuel Edozie,/en/players/007414dd/Samuel-Edozie,Southampton
Jack Stephens,/en/players/6adbc307/Jack-Stephens,Southampton
Nathan Redmond,/en/players/ab651565/Nathan-Redmond,Southampton
Ryan Finnigan,/en/players/9610c9c1/Ryan-Finnigan,Southampton
Alex McCarthy,/en/players/36c2ca73/Alex-McCarthy,Southampton
Lewis Payne,/en/players/32e9d210/Lewis-Payne,Southampton
Hugo Lloris,/en/players/8f62b6ee/Hugo-Lloris,Tottenham
Harry Kane,/en/players/21a66f6a/Harry-Kane,Tottenham
Eric Dier,/en/players/ac861941/Eric-Dier,Tottenham
Pierre Højbjerg,/en/players/8b04d6c1/Pierre-Hojbjerg,Tottenham
Rodrigo Bentancur,/en/players/3b8674e6/Rodrigo-Bentancur,Tottenham
Son Heung-min,/en/players/92e7e919/Son-Heung-min,Tottenham
Ben Davies,/en/players/44781702/Ben-Davies,Tottenham
Emerson,/en/players/df8b52a5/Emerson,Tottenham
Ivan Perišić,/en/players/6fe90922/Ivan-Perisic,Tottenham
Ryan Sessegnon,/en/players/6aa3e78b/Ryan-Sessegnon,Tottenham
Cristian Romero,/en/players/a3d94a58/Cristian-Romero,Tottenham
Dejan Kulusevski,/en/players/df3cda47/Dejan-Kulusevski,Tottenham
Clément Lenglet,/en/players/4f28a6ff/Clement-Lenglet,Tottenham
Yves Bissouma,/en/players/6c203af0/Yves-Bissouma,Tottenham
Davinson Sánchez,/en/players/da7b447d/Davinson-Sanchez,Tottenham
Richarlison,/en/players/fa031b34/Richarlison,Tottenham
Matt Doherty,/en/players/d557d734/Matt-Doherty,Tottenham
Oliver Skipp,/en/players/6250083a/Oliver-Skipp,Tottenham
Lucas Moura,/en/players/2b622f01/Lucas-Moura,Tottenham
Bryan,/en/players/7b5ab7f2/Bryan,Tottenham
Djed Spence,/en/players/9bc9a519/Djed-Spence,Tottenham
Fraser Forster,/en/players/c3e39f12/Fraser-Forster,Tottenham
Pape Matar Sarr,/en/players/feb5d972/Pape-Matar-Sarr,Tottenham
Japhet Tanganga,/en/players/e9971f2d/Japhet-Tanganga,Tottenham
Harvey White,/en/players/4d90ce8c/Harvey-White,Tottenham
Declan Rice,/en/players/1c7012b8/Declan-Rice,West Ham
Jarrod Bowen,/en/players/79c84d1c/Jarrod-Bowen,West Ham
Tomáš Souček,/en/players/6613c819/Tomas-Soucek,West Ham
Łukasz Fabiański,/en/players/9328b835/Lukasz-Fabianski,West Ham
Aaron Cresswell,/en/players/4f974391/Aaron-Cresswell,West Ham
Kurt Zouma,/en/players/ce4246f5/Kurt-Zouma,West Ham
Thilo Kehrer,/en/players/51dbeea9/Thilo-Kehrer,West Ham
Pablo Fornals,/en/players/82927de4/Pablo-Fornals,West Ham
Gianluca Scamacca,/en/players/8790f988/Gianluca-Scamacca,West Ham
Saïd Benrahma,/en/players/5a04fd92/Said-Benrahma,West Ham
Vladimír Coufal,/en/players/fdf3cb77/Vladimir-Coufal,West Ham
Lucas Paquetá,/en/players/9b6f7fd5/Lucas-Paqueta,West Ham
Michail Antonio,/en/players/ac05f970/Michail-Antonio,West Ham
Ben Johnson,/en/players/9319781b/Ben-Johnson,West Ham
Craig Dawson,/en/players/3e9e06cb/Craig-Dawson,West Ham
Flynn Downes,/en/players/69fdb896/Flynn-Downes,West Ham
Emerson Palmieri,/en/players/e0bc6fdc/Emerson-Palmieri,West Ham
Manuel Lanzini,/en/players/26f6dca8/Manuel-Lanzini,West Ham
Maxwel Cornet,/en/players/beb391dd/Maxwel-Cornet,West Ham
Alphonse Areola,/en/players/2f965a72/Alphonse-Areola,West Ham
Nayef Aguerd,/en/players/288e1e13/Nayef-Aguerd,West Ham
Angelo Ogbonna,/en/players/74b2cd7e/Angelo-Ogbonna,West Ham
Conor Coventry,/en/players/a5ca9127/Conor-Coventry,West Ham
Harrison Ashby,/en/players/b391383a/Harrison-Ashby,West Ham
Armstrong Okoflex,/en/players/ab77d10d/Armstrong-Okoflex,West Ham
Darren Randolph,/en/players/6385ebfb/Darren-Randolph,West Ham
Nikola Vlašić,/en/players/aa8e289e/Nikola-Vlasic,West Ham
Max Kilman,/en/players/d0f72bf1/Max-Kilman,Wolves
José Sá,/en/players/903b6e8b/Jose-Sa,Wolves
Rúben Neves,/en/players/44bfb6c5/Ruben-Neves,Wolves
Nathan Collins,/en/players/a8c19eb8/Nathan-Collins,Wolves
Daniel Podence,/en/players/7fcc71d8/Daniel-Podence,Wolves
João Moutinho,/en/players/f5a00fa4/Joao-Moutinho,Wolves
Jonny Castro,/en/players/e28868f3/Jonny-Castro,Wolves
Matheus Nunes,/en/players/e6af02e0/Matheus-Nunes,Wolves
Gonçalo Guedes,/en/players/e6bc67d7/Goncalo-Guedes,Wolves
Nélson Semedo,/en/players/d04b94db/Nelson-Semedo,Wolves
Pedro Neto,/en/players/7ba2eaa9/Pedro-Neto,Wolves
Rayan Aït Nouri,/en/players/9b398aea/Rayan-Ait-Nouri,Wolves
Adama Traoré,/en/players/9a28eba4/Adama-Traore,Wolves
Hugo Bueno,/en/players/bfc3b3a0/Hugo-Bueno,Wolves
Diego Costa,/en/players/a190d597/Diego-Costa,Wolves
Boubacar Traoré,/en/players/999ceb5f/Boubacar-Traore,Wolves
Hwang Hee-chan,/en/players/169fd162/Hwang-Hee-chan,Wolves
Toti Gomes,/en/players/f0caab96/Toti-Gomes,Wolves
Leander Dendoncker,/en/players/5a7301ae/Leander-Dendoncker,Wolves
Raúl Jiménez,/en/players/b561db50/Raul-Jimenez,Wolves
Morgan Gibbs-White,/en/players/32f60ed8/Morgan-Gibbs-White,Wolves
Sasa Kalajdzic,/en/players/15f24fe7/Sasa-Kalajdzic,Wolves
Joseph Hodge,/en/players/bd8a5d95/Joseph-Hodge,Wolves
Chem Campbell,/en/players/6f711f67/Chem-Campbell,Wolves
Dexter Lembikisa,/en/players/0bdda685/Dexter-Lembikisa,Wolves
Connor Ronan,/en/players/1b804500/Connor-Ronan,Wolves
Willy Boly,/en/players/a4ac4b8f/Willy-Boly,Wolves
Conor Coady,/en/players/2928dca2/Conor-Coady,Wolves
Luke Cundle,/en/players/cc3b8e78/Luke-Cundle,Wolves
Nathan Fraser,/en/players/00b77ecf/Nathan-Fraser,Wolves
Harvey Griffiths,/en/players/6e4cb264/Harvey-Griffiths,Wolves
Yerson Mosquera,/en/players/1e159d70/Yerson-Mosquera,Wolves
Matija Šarkić,/en/players/a89e7b29/Matija-Sarkic,Wolves
